"language_id","language","glottocode","author","latitude","longitude","number_of_entries","number_of_loans","loans_norm","nearest_node","geodist_H1_span","geodist_H2_span","using_network"
"409","Agta","cent2084","R. Mayfield in Reid (1971)",17.9571,121.857,176,0,0,"2",510.017840209897,1150.35708974768,TRUE
"1569","Agutyanen","agut1237","Caabay & Melvin (2018)",10.5328,119.655,207,3,0.230769230769231,"25",200.366653487654,988.179430327415,FALSE
"43","Aklanon - Bisayan","akla1241","Dave Zorc",11.5543,122.354,210,2,0.153846153846154,"19",348.037929690774,923.568683451355,FALSE
"1270","Alangan","alan1249","Barbian (1977)",13.0982,121.022,169,0,0,"14",163.988080189816,480.303341402394,TRUE
"1211","Arta","arta1239","Yukinori Kimoto",16.4185,121.656,202,1,0.0769230769230769,"3",788.851111552584,950.49260396626,FALSE
"410","Atta, Pamplona","pamp1244","C. Whittle & R. Lusted in Reid (1971)",18.4738,121.3,198,1,0.0769230769230769,"2",145.04971565022,785.388965187999,TRUE
"1262","Ayta Abellen","aben1249","Stone (2008)",15.4131,120.2,140,0,0,"5",149.536582054223,366.612913331524,TRUE
"1263","Ayta Ambala","amba1267","Stone (2008)",14.8156,120.283,126,1,0.0769230769230769,"6",60.242543377499,197.039871321978,TRUE
"1264, 1257","Ayta Mag-anchi; Ayta Mag-antsi","maga1263","Stone (2008); Storck, Kurt and Margaret Storck, compilers",15.1954,120.459,209,1,0.0769230769230769,"6",270.052247780902,391.19284780479,FALSE
"1267","Ayta Mag-indi","magi1241","Stone (2008)",14.9617,120.182,140,0,0,"6",93.5041532348483,230.301481179327,TRUE
"289","Babuyan","babu1242","Tsuchida et al. (1987)",19.48,121.96,202,0,0,"1",56.8892692423424,783.562214227778,TRUE
"411","Balangaw","bala1310","J. Shetler in Reid (1971)",17.0994,121.272,178,0,0,"3",484.790446549185,956.724775893714,TRUE
"708","Bantoanon (Banton)","bant1288","Gordon & Kilgour",12.5194,122.034,129,1,0.0769230769230769,"17",111.24932162071,630.984828435404,TRUE
"412, 265","Batak, Palawan; Palawan Batak","bata1301","R. Rodda in Reid (1971); Lawrence A. Reid",10.1115,119.025,203,1,0.0769230769230769,"25",292.742639765361,1340.4401993099,FALSE
"1272, 1273","Batangan; Buhid","buhi1245","Barbian (1977)",12.6396,121.21,172,0,0,"14",397.327395980328,713.642657192906,TRUE
"859, 47, 1208","Bikol (Bisakol); Bikol (Naga City); Naga Bikol","cent2087","Roberto Gimoro; Amy V. Daniega; Geopoet",13.7574,123.403,210,6,0.461538461538462,"18",359.05479211747,931.015512626414,FALSE
"710","Bikol (Buhinon)","buhi1243","Kenneth S. Olson, et. al.",13.17,123.5,174,3,0.230769230769231,"18",88.741669108688,805.344038527858,TRUE
"722","Bikol (Rinconada)","irig1242","Lobel & Bucad",13.3896,123.331,192,4,0.307692307692308,"18",177.838565656468,894.440935075638,TRUE
"413, 291","Bilaan, Koronadal; Koronadal Blaan","koro1310","N. Abrams in Reid (1971); Savage, T.D. (1986)",6.20529,125.007,180,1,0.0769230769230769,"37",1359.05349096911,2613.46656995956,TRUE
"414, 293","Bilaan, Sarangani; Sarangani Blaan","sara1326","B. McLachlin & B. Blackburn in Reid (1971); Savage, T.D. (1986)",6.03691,125.354,181,0,0,"37",1464.71495948532,2719.12803847576,TRUE
"415","Binukid","binu1244","U. Post in Reid (1971)",8.15933,124.892,207,0,0,"37",403.35465003112,1657.76772902157,TRUE
"1265","Bolinao","boli1256","Stone (2008)",16.3071,119.853,140,0,0,"4",53.8751224914833,366.197047081954,TRUE
"673","Bontok, Eastern","cent2292","Summer Institute of Linguistics (1981)",17.08,120.92,162,0,0,"3",323.176412247708,795.110741592238,TRUE
"36, 416","Bontok, Guina-ang","guin1256","Lawrence A. Reid; Reid (1971)",17.04,120.96,209,0,0,"3",348.46376179922,820.398091143749,TRUE
"1266, 444","Botolan Sambal; Sambal, Botolan","boto1242","Stone (2008); C. Huock and H. Minot in Reid (1971)",15.2315,120.164,207,2,0.153846153846154,"5",127.34346569713,344.41979697443,TRUE
"483","Butuanon","butu1244","Vicente de Jesus, Richard Parker, Fr. Joesilo C. Amalla",8.87009,125.418,210,2,0.153846153846154,"37",112.570971536145,1366.98405052659,TRUE
"660","Capisano","capi1239","Jose Ricarte",11.4122,122.954,156,1,0.0769230769230769,"38",276.695352859864,847.847998812206,FALSE
"153","Cebuano","cebu1242","Gemma Losbaños & Hermelito Go",8.38799,124.367,210,13,1,"37",308.054826018701,1562.46790500915,TRUE
"688","Cuyonon","cuyo1237","Fe Aldave Yap",10.3201,119.3,182,2,0.153846153846154,"25",223.692644092532,1271.16550557696,FALSE
"417","Dumagat, Casiguran","casi1235","T.N. Headland in Reid (1971)",16.2176,121.878,175,1,0.0769230769230769,"9",783.41373590673,710.635609991772,FALSE
"730","Dupaningan Agta","dupa1235","Laura C. Robinson",17.3748,122.188,191,0,0,"3",895.332400357322,1367.26672970185,TRUE
"418","Gaddang","gadd1244","L. & M. Troyer in Reid (1971)",16.5468,121.177,178,0,0,"3",563.254237220276,964.826019784199,FALSE
"1552, 1551","Guiangan (Baguio); Guiangan (Sirib)","gian1241","Summer Institute of Linguistics (unknown authors). 1966. Guiangan (Baguio) available via Zorc, R. David. 1972. Unpublished field notes.; Summer Institute of Linguistics (unknown authors). 1966. Guiangan (Sirib) available via Zorc, R. David. 1972. Unpublished field notes.",6.99967,125.359,174,0,0,"37",996.795909669088,2251.20898865953,TRUE
"1274, 13","Hanunoo; Hanunóo","hanu1241","Barbian (1977); Blust, from: Conklin (1953)",12.4159,121.221,210,1,0.0769230769230769,"14",507.076093225009,823.391354437588,TRUE
"193, 467","Hiligaynon; Ilonggo","hili1240","Jamaica Salcedo; Richard Parker",10.4018,122.974,210,4,0.307692307692308,"31",343.766883886107,1424.52983304204,FALSE
"679, 423","Ibaloi; Inibaloi","ibal1244","Anton, Sofia Olga; L. Ballard in Reid (1971)",16.4263,120.695,208,1,0.0769230769230769,"4",287.283458323883,599.605382914354,TRUE
"279","Ibanag","iban1267","Telan Family",17.4201,121.891,207,3,0.230769230769231,"3",753.912613427707,1225.84694277224,TRUE
"419","Ifugao, Amganad","amga1235","S. Funnell & A. West in Reid (1971)",16.9016,121.042,178,0,0,"3",414.333006364576,886.267335709105,TRUE
"420","Ifugao, Batad","bata1298","L.E. Newell, in Reid (1971)",16.8266,121.23,169,0,0,"3",510.998954717985,982.933284062514,TRUE
"421, 431","Ifugao, Bayninan; Kallahan, Keleyqiq","kele1259","H.C. Conklin in Reid (1971); R & L. Hohulin in Reid (1971)",16.7099,121.035,178,0,0,"3",460.690270774262,932.624600118792,TRUE
"288","Ilokano","ilok1237","Blust",15.9361,120.993,210,0,0,"5",578.236981000154,659.649344351298,FALSE
"422, 31","Ilongot, Kakiduge:n; Kakiduge:n Ilongot","ilon1239","M. Rosaldo in Reid (1971); Reid (1971)",16.3785,121.547,207,0,0,"3",756.59453055739,915.809008407119,FALSE
"250, 248, 252, 249, 157, 425, 251, 427","Imorod; Iraralay; Isamorong; Itbayat; Itbayaten; Ivasay; Ivatan, Basco Dialect","ivat1242","Tsuchida et al. (1987); Lawrence A. Reid; Y. Yamada in Reid (1971); M. Cottle, V. Larson & L. A. Reid in Reid (1971)",20.77,121.85,209,5,0.384615384615385,"1",183.458146371051,910.131091356487,TRUE
"1635","Inagta Alabat","alab1246","Lobel et al. 2020.",14.1217,122.014,210,1,0.0769230769230769,"16",138.890310645079,438.859477325341,FALSE
"1553, 1554, 1260, 1276, 1277","Inati (Hamtic); Inati (Jordan, Guimaras); Inati (Nagpana); Sogodnin (Boracay); Sogodnin (Iloilo)","atii1237","Hsiu, Andrew. 2018. Inati word lists. m.s.; Pennoyer (1987)",11.1539,122.512,209,6,0.461538461538462,"32",645.578554539707,1143.88268926849,FALSE
"1269","Iraya","iray1237","Barbian (1977)",13.381,120.65,161,0,0,"12",73.6855184573687,350.16259068961,TRUE
"1463","Isinay (Dupax)","isin1239","Sarah Eve Perlawan",16.3299,121.12,210,2,0.153846153846154,"4",489.25210215359,801.574026744061,TRUE
"424","Isneg, Dibagat-Kabugao-Isneg","isna1241","G.R. Roe in Reid (1971)",18.2139,121.16,179,0,0,"2",257.874694740914,898.213944278693,TRUE
"678, 978, 1278","Itawis; Malaweg","itaw1240","Tharp & Natividad (1976); Norman Barrias; Laurie Reid",17.7329,121.58,210,5,0.384615384615385,"3",607.168941863192,1079.10327120772,TRUE
"426","Itneg, Binongan","bino1237","C. Walton in Reid (1971)",17.5972,120.876,175,1,0.0769230769230769,"3",272.615563004722,744.549892349251,TRUE
"860","Kagayanen","kaga1256","Multiple contributors from Cagayancillo, Palawan",10.4656,119.872,210,1,0.0769230769230769,"25",162.334423016677,965.484953286621,FALSE
"428","Kalagan","kala1388","D. Murray in Reid (1971)",6.8126,125.328,178,0,0,"37",1083.54031234093,2337.95339133138,TRUE
"711","Kalinga (Minangali)","lowe1412","Kenneth S. Olson, et. al.",17.3441,121.311,171,1,0.0769230769230769,"3",486.692892449583,958.627221794112,TRUE
"429","Kalinga, Guinaang, Lubuagan Dialect","lubu1243","C.R. Geiser in Reid (1971)",17.3879,121.0365,207,1,0.0769230769230769,"3",355.161245931762,827.095575276292,TRUE
"672","Kalinga, Limos","limo1248","Summer Institute of Linguistics (1981)",17.6081,121.381,197,0,0,"3",510.426489486942,982.360818831472,TRUE
"671","Kalinga, Southern","sout2908","Summer Institute of Linguistics (1980)",17.2936,121.068,152,1,0.0769230769230769,"3",374.21502693091,846.14935627544,TRUE
"430","Kallahan, Kayapa Proper","kaya1320","P.O. Afable in Reid (1971)",16.321,120.9,178,0,0,"4",384.872105836342,697.194030426813,TRUE
"1549","Kamayo","kama1363","Summer Institute of Linguistics (unknown authors). 1966. Kamayo available via Zorc, R. David. 1972. Unpublished field notes.",8.10796,126.314,173,6,0.461538461538462,"37",665.431077554561,1919.84415654501,TRUE
"681","Kankanaey","kank1243","Janet Allen",16.8548,120.689,209,0,0,"3",269.128395652753,741.062724997282,TRUE
"432","Kankanay, Northern","nort2877","D. Hettick in Reid (1971)",17.1057,120.786,178,0,0,"3",258.544775741106,730.479105085635,TRUE
"33, 1200","Kapampangan","pamp1243","Blust from: Forman (1971), McFarland 1977; Eduardo John A. Balatbat",14.9603,120.502,210,2,0.153846153846154,"8",258.949375557948,218.883044846306,FALSE
"657","Kinaray-a","kina1250","Arnel Genzola",10.8131,122.297,201,1,0.0769230769230769,"31",634.903726001634,1168.64903855469,FALSE
"685","Maguindanaon","magu1243","Robert E. Sullivan",6.9453,124.509,210,0,0,"37",1030.99669063665,2285.40976962709,TRUE
"433","Mamanwa","mama1275","J. & H. Miller in Reid (1971)",9.44744,125.548,183,2,0.153846153846154,"37",82.6089488124425,1337.02202780289,TRUE
"1258, 1641","Manide; Manide (Labo)","cama1250","Jason Lobel (2010); Doroja (2017)",14.1571,122.835,198,2,0.153846153846154,"17",360.700678113829,628.281174749295,FALSE
"435, 434","Manobo, Ata (down-river); Manobo, Ata (up-river)","atam1240","V. Morey & U. Post in Reid (1971)",7.7789,125.499,201,0,0,"37",647.527652254821,1901.94073124527,TRUE
"436","Manobo, Dibabawon","diba1242","J. Forster in Reid (1971)",7.85664,126.018,178,1,0.0769230769230769,"37",700.853698471257,1955.2667774617,TRUE
"437","Manobo, Ilianen (Kibudtungan Dialect)","ilia1236","J. Shand & H. Wrigglesworth in Reid (1971)",7.34448,124.766,181,0,0,"37",809.008791913203,2063.42187090365,TRUE
"438","Manobo, Kalamansig Cotabato (Paril Dialect)","cota1241","E. C. Johnston in Reid (1971)",6.39417,124.234,186,0,0,"27",630.474028775336,2050.92367893165,TRUE
"439","Manobo, Sarangani, Kayaponga Dialect","sara1327","C. DuBois in Reid (1971)",5.84903,125.499,178,1,0.0769230769230769,"37",1501.75332783552,2756.16640682597,TRUE
"440","Manobo, Tigwa, Iglogsad Dialect","mati1250","C. Strong in Reid (1971)",7.72124,125.16,177,0,0,"37",616.894599453778,1871.30767844422,TRUE
"441, 144","Manobo, Western Bukidnon; Western Bukidnon Manobo","west2555","R.E.Elkins in Reid (1971); Lawrence A. Reid",7.6682,124.825,207,0,0,"37",646.729619256777,1901.14269824722,TRUE
"442","Mansaka","mans1262","G. Svelmoe in Reid (1971)",6.79221,126.181,205,0,0,"37",1214.69409352118,2469.10717251163,TRUE
"86","Maranao","mara1404","McKaughan & Macaraya (1967)",7.79414,124.175,209,0,0,"28",594.537934005623,1897.58520754617,TRUE
"788, 1467, 277, 389, 408","Marinduque Tagalog; Mindoro Tagalog; Tagalog; Tagalog (Anthony dela Paz)","taga1270","Rosa Soberano; Native Tagalog speaker; Ted Llamzon; My knowledge in Tagalog; Anthony dela Paz",14.06,121.747,210,6,0.461538461538462,"16",115.003318725846,445.819918203572,FALSE
"755","Masbatenyo","masb1238","Elmer P. Wolfenden",12.21453,123.63579,209,5,0.384615384615385,"19",125.758120998747,896.354402063052,TRUE
"405","Pangasinan","pang1290","Emerich Daroya",15.9377,120.365,210,9,0.692307692307692,"4",327.621344558664,639.943269149135,TRUE
"1275","Ratagnon","rata1245","Barbian (1977)",12.2785,121.187,166,0,0,"14",572.106169542809,888.421430755388,TRUE
"687","Romblon","romb1245","Fe Aldave Yap",12.4047,122.56,191,4,0.307692307692308,"17",140.412371465613,660.147878280307,TRUE
"494","S.W. Palawano","sout2916","Bill Davis",8.67624,117.36,210,0,0,"26",280.851570102992,1078.77671894461,FALSE
"783, 513","Samar-Leyte; Waray-Waray","wara1300","Alfonsa E. Tizon; Andras Rajki",11.4911,125.012,209,4,0.307692307692308,"38",323.598687225979,1341.96125134017,TRUE
"1268","Sambal","tina1248","Stone (2008)",15.5797,120.095,140,1,0.0769230769230769,"5",115.847432198507,332.923763475807,TRUE
"445","Sangil, Saragani Islands","sang1337","K. Maryott in Reid (1971)",5.40229,125.378,178,0,0,"37",1697.44980580203,2951.86288479248,TRUE
"686","Sinauna","remo1247","Fe Aldave Yap",14.6254,121.453,173,2,0.153846153846154,"9",261.440520763304,216.77759674764,FALSE
"448, 1638","Subanon, Siocon; Western Subanon","west2557","W. Hall in Reid (1971); Jernan Combi",7.79964,122.341,210,2,0.153846153846154,"27",153.863091446492,1574.3127416028,TRUE
"447","Subanun, Sindangan","cent2089","R. Brichoux in Reid (1971)",8.12701,123.018,178,0,0,"27",120.248483268782,1540.69813342509,TRUE
"466, 1637","Surigaonon","suri1273","Richard Parker; Catharine Elizabeth Laude",9,126,210,6,0.461538461538462,"37",277.7427076439,1532.15578663435,TRUE
"1271","Tadyawan","tady1237","Barbian (1977)",13.0211,121.305,173,0,0,"14",232.340084860482,548.655346073061,TRUE
"449, 133","Tagabili; Tboli (Tagabili)","tbol1240","V. Forsberg in Reid (1971); Lawrence A. Reid",6.20377,124.538,206,0,0,"27",828.310553458589,2248.7602036149,TRUE
"450","Tagbanwa, Aborlan Dialect","cent2090","S. Hussey in Reid (1971)",10.6519,119.338,178,0,0,"25",358.109752690011,1122.52841407181,FALSE
"451","Tagbanwa, Kalamian, Coron Island Dialect","cala1258","E. Ruch in Reid (1971)",12.0716,120.094,178,1,0.0769230769230769,"14",412.631777750813,719.348125682199,FALSE
"452","Tausug, Jolo Dialect","taus1251","S. Ashley in Reid (1971)",5.12236,118.88,208,0,0,"26",584.216763760041,1608.20181442218,FALSE
"707","Tiruray","tiru1241","Stuart A. Schlegel",6.77321,124.127,201,1,0.0769230769230769,"27",681.920932740933,2102.37058289725,TRUE
"713","Yogad","yoga1237","Davis & Mesa",16.7015,121.718,203,2,0.153846153846154,"3",748.109112845033,1092.2229661671,FALSE
