phoneme_id,ipa,global_n,class
phoneme_001,tˡ̥,1,consonant
phoneme_002,tːˡ,3,consonant
phoneme_003,bͮ,14,consonant
phoneme_004,ᶡčʰ,1,consonant
phoneme_005,kˡ,1,consonant
phoneme_006,dᵞ,1,consonant
phoneme_007,čʰʷ,1,consonant
phoneme_008,ɡ́,0,consonant
phoneme_009,tᶿ,5,consonant
phoneme_010,ɡ̰̌,1,consonant
phoneme_011,tˣˀ,1,consonant
phoneme_012,ɡ̌,601,consonant
phoneme_013,cʹˀ,0,consonant
phoneme_014,ⁿ̃čʰ,1,consonant
phoneme_015,ɟ́,2,consonant
phoneme_016,kˡˀ,1,consonant
phoneme_017,ɡ̌ː,1,consonant
phoneme_018,tᴮ,1,consonant
phoneme_019,tˢʱ,1,consonant
phoneme_020,č̣,26,consonant
phoneme_021,pˢ̌ˀ,2,consonant
phoneme_022,ṭˢˀ,5,consonant
phoneme_023,č̣ˀ,7,consonant
phoneme_024,čʷ,1,consonant
phoneme_025,tˢˀʷ,1,consonant
phoneme_026,ḍʳ,2,consonant
phoneme_027,bɡ̌,0,consonant
phoneme_028,ⁿ̃ɡ̣̌,1,consonant
phoneme_029,ɡ̤̌,36,consonant
phoneme_030,ᶡčˀ,1,consonant
phoneme_031,čʰ,159,consonant
phoneme_032,ͫpˀ,1,consonant
phoneme_033,ṭʳ,3,consonant
phoneme_034,qːᵡ,4,consonant
phoneme_035,dʳ,3,consonant
phoneme_036,qᵡʰ,2,consonant
phoneme_037,qᵡˀ,16,consonant
phoneme_038,č,969,consonant
phoneme_039,ᵈtˢʰ,2,consonant
phoneme_040,tˡ̥ʰ,1,consonant
phoneme_041,pˡʰ,5,consonant
phoneme_042,qᵡ,17,consonant
phoneme_043,dˡ,16,consonant
phoneme_044,ʰtˢ,2,consonant
phoneme_045,dᶻˀ,1,consonant
phoneme_046,ⁿtˡˀ,1,consonant
phoneme_047,qᵡʷ,1,consonant
phoneme_048,qᵡˀʷ,1,consonant
phoneme_049,pᶲ,2,consonant
phoneme_050,bᶻ̌,2,consonant
phoneme_051,tˢʰ,110,consonant
phoneme_052,ṭˢ,24,consonant
phoneme_053,tˡˀ,71,consonant
phoneme_054,dᶻᵞ,1,consonant
phoneme_055,ɡ̣̌,4,consonant
phoneme_056,dᵝ,1,consonant
phoneme_057,ⁿtˢʰ,1,consonant
phoneme_058,ͫbͮ,2,consonant
phoneme_059,tːˡˀ,2,consonant
phoneme_060,ḍᶻ,6,consonant
phoneme_061,ˀbˡ,2,consonant
phoneme_062,ptˢ,0,consonant
phoneme_063,tˣ,3,consonant
phoneme_064,č̣ʰ,4,consonant
phoneme_065,cʹ,4,consonant
phoneme_066,pᶠʰ,1,consonant
phoneme_067,ⁿd̪ᶻ,2,consonant
phoneme_068,bᵝ,1,consonant
phoneme_069,dᶻ,225,consonant
phoneme_070,ⁿdˡ,1,consonant
phoneme_071,čʲ,0,consonant
phoneme_072,ⁿ̃ɡ̌,44,consonant
phoneme_073,pˢ̌ʰ,2,consonant
phoneme_074,tʳ,7,consonant
phoneme_075,kːˣ,4,consonant
phoneme_076,ɡ̌ʷ,1,consonant
phoneme_077,čˀ,185,consonant
phoneme_078,kːˣˀ,2,consonant
phoneme_079,ɠ̌,2,consonant
phoneme_080,ˀɡ̌,2,consonant
phoneme_081,tˡ,63,consonant
phoneme_082,qːᵡˀ,3,consonant
phoneme_083,ᵈčˀ,1,consonant
phoneme_084,ɡᵞ,1,consonant
phoneme_085,tˢˀ,188,consonant
phoneme_086,ⁿdᶻ,13,consonant
phoneme_087,ᵈtˢˀ,2,consonant
phoneme_088,čˣ,4,consonant
phoneme_089,tˢ,558,consonant
phoneme_090,ṭˢʰ,16,consonant
phoneme_091,t̪ˀ,1,consonant
phoneme_092,čː,1,consonant
phoneme_093,ʰč,2,consonant
phoneme_094,tᶿʰ,3,consonant
phoneme_095,tˡʰ,15,consonant
phoneme_096,ᵈt̪ˀ,1,consonant
phoneme_097,ͫpᶠˀ,1,consonant
phoneme_098,tᶿˀ,5,consonant
phoneme_099,ᵈtˢˣ,1,consonant
phoneme_100,dᶻʱ,1,consonant
phoneme_101,pˀ,1,consonant
phoneme_102,pˡ,6,consonant
phoneme_103,bdᶻ,0,consonant
phoneme_104,kˣˀ,18,consonant
phoneme_105,dᶻˣ,1,consonant
phoneme_106,d̤ᶻ,7,consonant
phoneme_107,dᶞ,2,consonant
phoneme_108,ͫbˡ,1,consonant
phoneme_109,d̯ᶞ,1,consonant
phoneme_110,tˢˣ,18,consonant
phoneme_111,pᶠ,20,consonant
phoneme_112,pᶠˀ,2,consonant
phoneme_113,ⁿtˢ,1,consonant
phoneme_114,kˣ,10,consonant
phoneme_115,pˢ,2,consonant
phoneme_116,tᶲʰ,1,consonant
phoneme_117,pč,0,consonant
phoneme_118,ɔ̤,3,vowel
phoneme_119,ɯ,113,vowel
phoneme_120,ʌ,14,vowel
phoneme_121,o,1532,vowel
phoneme_122,ɤ,44,vowel
phoneme_123,u,1779,vowel
phoneme_124,o̤,2,vowel
phoneme_125,ɒ,40,vowel
phoneme_126,u̱,2,vowel
phoneme_127,ṳ,4,vowel
phoneme_128,ɔ,653,vowel
phoneme_129,ɯ̌,1,vowel
phoneme_130,ɑ,113,vowel
phoneme_131,o˂,1,vowel
phoneme_132,ʊ̤,2,vowel
phoneme_133,o̰,1,vowel
phoneme_134,ʊ,279,vowel
phoneme_135,ɨ̤,2,vowel
phoneme_136,ɐ,83,vowel
phoneme_137,ʉ,31,vowel
phoneme_138,a̤,4,vowel
phoneme_139,ə,600,vowel
phoneme_140,ɨ̅,1,vowel
phoneme_141,ɨ,292,vowel
phoneme_142,aː,1,vowel
phoneme_143,ɵ,22,vowel
phoneme_144,ə̤,1,vowel
phoneme_145,a,1876,vowel
phoneme_146,a̰,1,vowel
phoneme_147,ɡ/n,13,click
phoneme_148,ˀnʘ,1,click
phoneme_149,qʘʰ,1,click
phoneme_150,G!ʰ,1,click
phoneme_151,Gʘʰ,1,click
phoneme_152,nǁ,29,click
phoneme_153,nǂˀʰ,1,click
phoneme_154,ǁˣ,24,click
phoneme_155,ɡ/ˣ,5,click
phoneme_156,/kˣˀ,1,click
phoneme_157,ǁkˣˀ,1,click
phoneme_158,Gʘ,1,click
phoneme_159,nǁˣ,3,click
phoneme_160,ɡ/kˣˀ,3,click
phoneme_161,qǂˀ,1,click
phoneme_162,n!ˀʰ,1,click
phoneme_163,q!ʰ,1,click
phoneme_164,!,29,click
phoneme_165,ǁˣˀ,15,click
phoneme_166,/ʰ,29,click
phoneme_167,nʘ,4,click
phoneme_168,ǂʰ,19,click
phoneme_169,!ʱ,2,click
phoneme_170,ᵑ!,1,click
phoneme_171,/ˀ,28,click
phoneme_172,n/ˣ,3,click
phoneme_173,qǁˀ,1,click
phoneme_174,n!,24,click
phoneme_175,+,0,click
phoneme_176,n!n,2,click
phoneme_177,ǂ,20,click
phoneme_178,/,34,click
phoneme_179,nǂʱ,2,click
phoneme_180,ǂkˣˀ,1,click
phoneme_181,ᵑ/,2,click
phoneme_182,n+,0,click
phoneme_183,n̥ʘ,1,click
phoneme_184,ᵑ!ᶢ,2,click
phoneme_185,q/ˀ,1,click
phoneme_186,n/ˀʰ,1,click
phoneme_187,!ˣ,20,click
phoneme_188,!ˣˀ,14,click
phoneme_189,n/,31,click
phoneme_190,nǂˣ,1,click
phoneme_191,n/ʱ,2,click
phoneme_192,n̥ǂ,1,click
phoneme_193,Gǂ,1,click
phoneme_194,ˀn!,1,click
phoneme_195,ɡǁkˣˀ,3,click
phoneme_196,+kˣˀ,0,click
phoneme_197,ʘkˣˀ,1,click
phoneme_198,n!ʰ,1,click
phoneme_199,!kˣˀ,1,click
phoneme_200,ɡǁˣ,7,click
phoneme_201,ǂʱ,2,click
phoneme_202,ˀnǂ,1,click
phoneme_203,ˀn/,1,click
phoneme_204,qǂʰ,1,click
phoneme_205,n/n,2,click
phoneme_206,qʘ,1,click
phoneme_207,ɡ!kˣˀ,3,click
phoneme_208,nǁˀʰ,1,click
phoneme_209,G/ʰ,1,click
phoneme_210,qǂ,8,click
phoneme_211,ʘˣ,3,click
phoneme_212,ʘʱ,1,click
phoneme_213,G!,1,click
phoneme_214,ɡǂn,7,click
phoneme_215,ɡǂˀʰ,1,click
phoneme_216,ǁˀ,27,click
phoneme_217,qǁ,8,click
phoneme_218,+ˀ,0,click
phoneme_219,ɡʘˣ,1,click
phoneme_220,G/,1,click
phoneme_221,ǁ,33,click
phoneme_222,!ˀʰ,1,click
phoneme_223,n̥!ʰ,2,click
phoneme_224,q/ʰ,1,click
phoneme_225,ǂˀʰ,1,click
phoneme_226,ɡǂ,16,click
phoneme_227,nǁʱ,2,click
phoneme_228,ˀnǁ,1,click
phoneme_229,nǂn,2,click
phoneme_230,ǁʰ,28,click
phoneme_231,/ʱ,2,click
phoneme_232,Gǁ,1,click
phoneme_233,/ˀʰ,1,click
phoneme_234,/ˣ,24,click
phoneme_235,nǁʰ,1,click
phoneme_236,ǂˣ,17,click
phoneme_237,nʘʱ,1,click
phoneme_238,ʘ,5,click
phoneme_239,q!,7,click
phoneme_240,ɡǁ,25,click
phoneme_241,ɡ!ˀʰ,1,click
phoneme_242,n̥ǂʰ,2,click
phoneme_243,n/ʰ,2,click
phoneme_244,nǁn,2,click
phoneme_245,ɡ!ˣ,3,click
phoneme_246,!ˀ,24,click
phoneme_247,ɡʘkˣˀ,1,click
phoneme_248,ᵑ/ᶢ,3,click
phoneme_249,ɡʘ,3,click
phoneme_250,q/,10,click
phoneme_251,n̥ǁ,2,click
phoneme_252,n̥!,2,click
phoneme_253,!ʰ,26,click
phoneme_254,ɡ!,20,click
phoneme_255,q!ˀ,1,click
phoneme_256,ɡ/ˀʰ,1,click
phoneme_257,ǂˣˀ,13,click
phoneme_258,ɡǂˣ,2,click
phoneme_259,ʘˣˀ,1,click
phoneme_260,n!ʱ,2,click
phoneme_261,ɡǁn,13,click
phoneme_262,ɡ!n,8,click
phoneme_263,+ˣ,0,click
phoneme_264,n!ˣ,1,click
phoneme_265,n̥ǁʰ,2,click
phoneme_266,ᵑǁ,1,click
phoneme_267,n̥/,2,click
phoneme_268,qʘˀ,1,click
phoneme_269,ɡ/,27,click
phoneme_270,Gǁʰ,1,click
phoneme_271,nǂ,17,click
phoneme_272,ǁˀʰ,1,click
phoneme_273,ɡǂkˣˀ,3,click
phoneme_274,n̥/ʰ,2,click
phoneme_275,ǂˀ,18,click
phoneme_276,qǁʰ,1,click
phoneme_277,ɡǁˀʰ,1,click
phoneme_278,ᵑǁᶢ,2,click
phoneme_279,/ˣˀ,15,click
phoneme_280,ǁʱ,2,click
phoneme_281,Gǂʰ,1,click
phoneme_282,ʘʰ,3,click
phoneme_283,ʘˀ,3,click
phoneme_284,ð,112,consonant
phoneme_285,vʷ,2,consonant
phoneme_286,ɣʷ,11,consonant
phoneme_287,z̥̣,1,consonant
phoneme_288,ħ,53,consonant
phoneme_289,v̤,2,consonant
phoneme_290,xˀ,4,consonant
phoneme_291,sʰ,18,consonant
phoneme_292,šːˀ,3,consonant
phoneme_293,šʲ,2,consonant
phoneme_294,ɣ,328,consonant
phoneme_295,ɸˢ,1,consonant
phoneme_296,ʕ,60,consonant
phoneme_297,sˀ,21,consonant
phoneme_298,ʮː,1,consonant
phoneme_299,ⁿs,0,consonant
phoneme_300,šʷ,1,consonant
phoneme_301,ˀẓ,1,consonant
phoneme_302,ᵈžʰ,1,consonant
phoneme_303,ⁿz,12,consonant
phoneme_304,sʷ,3,consonant
phoneme_305,ˀɣ,1,consonant
phoneme_306,βʲ,1,consonant
phoneme_307,ʯˀ,2,consonant
phoneme_308,ˀh,1,consonant
phoneme_309,hᵚ,1,consonant
phoneme_310,s̪,7,consonant
phoneme_311,ʯʷ,32,consonant
phoneme_312,š,778,consonant
phoneme_313,fs,0,consonant
phoneme_314,ˀv,1,consonant
phoneme_315,ç,30,consonant
phoneme_316,ˀz,0,consonant
phoneme_317,sʲ,3,consonant
phoneme_318,ʕʷ,5,consonant
phoneme_319,s̪ːˀ,3,consonant
phoneme_320,ⁿ̃ž,4,consonant
phoneme_321,ͫv,3,consonant
phoneme_322,zˀ,1,consonant
phoneme_323,ɸˀ,1,consonant
phoneme_324,fʷ,6,consonant
phoneme_325,ðʲ,1,consonant
phoneme_326,ˀð,2,consonant
phoneme_327,β,203,consonant
phoneme_328,f,740,consonant
phoneme_329,h,1248,consonant
phoneme_330,ṣˀ,3,consonant
phoneme_331,ʕˀ,4,consonant
phoneme_332,ɸʷ,2,consonant
phoneme_333,r,1,consonant
phoneme_334,s,1767,consonant
phoneme_335,ʁʷ,3,consonant
phoneme_336,ʮ,116,consonant
phoneme_337,ʁ,95,consonant
phoneme_338,v,596,consonant
phoneme_339,sʹ,1,consonant
phoneme_340,xˀʷ,1,consonant
phoneme_341,x,476,consonant
phoneme_342,z̪,3,consonant
phoneme_343,z,597,consonant
phoneme_344,ʯˀʷ,1,consonant
phoneme_345,ɦ,44,consonant
phoneme_346,zʷ,1,consonant
phoneme_347,šˀ,11,consonant
phoneme_348,ṣ̌,42,consonant
phoneme_349,ˀʁʷ,0,consonant
phoneme_350,ʁˀ,0,consonant
phoneme_351,z̪ʲ,1,consonant
phoneme_352,ˀs̪,1,consonant
phoneme_353,fʰ,2,consonant
phoneme_354,ṣ,61,consonant
phoneme_355,ˀʁ,0,consonant
phoneme_356,ʯ,140,consonant
phoneme_357,ᵈžˣ,1,consonant
phoneme_358,h˜,11,consonant
phoneme_359,ɸʲ,1,consonant
phoneme_360,ɣ˜,2,consonant
phoneme_361,fˢ̌,2,consonant
phoneme_362,z̤,1,consonant
phoneme_363,hʷ,21,consonant
phoneme_364,βʷ,3,consonant
phoneme_365,ʮˀ,1,consonant
phoneme_366,xʷ,59,consonant
phoneme_367,sː,2,consonant
phoneme_368,šʰ,3,consonant
phoneme_369,xʰ,1,consonant
phoneme_370,žʱ,1,consonant
phoneme_371,vj^,0,consonant
phoneme_372,β˜,1,consonant
phoneme_373,ᵈzˣ,1,consonant
phoneme_374,zʱ,1,consonant
phoneme_375,j^,4,consonant
phoneme_376,vz,0,consonant
phoneme_377,fç,0,consonant
phoneme_378,hʲ,1,consonant
phoneme_379,fˀ,4,consonant
phoneme_380,ž,291,consonant
phoneme_381,v˜,1,consonant
phoneme_382,çː,9,consonant
phoneme_383,ẓ̌,15,consonant
phoneme_384,v̥,1,consonant
phoneme_385,ɸ,100,consonant
phoneme_386,ẓ,19,consonant
phoneme_387,ʕˀʷ,5,consonant
phoneme_388,zʹ,1,consonant
phoneme_389,vʰ,1,consonant
phoneme_390,i̱,2,vowel
phoneme_391,e,1444,vowel
phoneme_392,i,1866,vowel
phoneme_393,i̤,5,vowel
phoneme_394,æ,161,vowel
phoneme_395,e̤,2,vowel
phoneme_396,I,298,vowel
phoneme_397,ø,106,vowel
phoneme_398,y,140,vowel
phoneme_399,I̤,2,vowel
phoneme_400,ɛ̤,3,vowel
phoneme_401,ɛ,706,vowel
phoneme_402,Y,10,vowel
phoneme_403,œ,33,vowel
phoneme_404,e̅,1,vowel
phoneme_405,ḛ,1,vowel
phoneme_406,e˃,1,vowel
phoneme_407,w̤,1,consonant
phoneme_408,ə̯,1,consonant
phoneme_409,j,1855,consonant
phoneme_410,j̥,28,consonant
phoneme_411,w˜,13,consonant
phoneme_412,ˀj,53,consonant
phoneme_413,ɨ̯,2,consonant
phoneme_414,w̥,41,consonant
phoneme_415,w,1684,consonant
phoneme_416,ɯ̯,4,consonant
phoneme_417,jˀ,7,consonant
phoneme_418,ɑ̯,1,consonant
phoneme_419,ˀw,41,consonant
phoneme_420,ɥ˜,1,consonant
phoneme_421,wˀ,6,consonant
phoneme_422,j̤,2,consonant
phoneme_423,ɥ,24,consonant
phoneme_424,ȷ˜,6,consonant
phoneme_425,ɬʰ,1,consonant
phoneme_426,l̥ᵚ,1,consonant
phoneme_427,l̪̥,1,consonant
phoneme_428,ʎ̣,1,consonant
phoneme_429,ɬ̣,2,consonant
phoneme_430,l,1650,consonant
phoneme_431,ɬˀ,6,consonant
phoneme_432,ḷ̥,1,consonant
phoneme_433,lᵚ,15,consonant
phoneme_434,l̤,10,consonant
phoneme_435,ɬ,165,consonant
phoneme_436,ɬː,1,consonant
phoneme_437,ˀl,31,consonant
phoneme_438,ḷ̌,7,consonant
phoneme_439,l̯,33,consonant
phoneme_440,L̥,1,consonant
phoneme_441,ʎ,126,consonant
phoneme_442,L,8,consonant
phoneme_443,l˜,1,consonant
phoneme_444,l̪,9,consonant
phoneme_445,ɮ,19,consonant
phoneme_446,ʎᵚ,1,consonant
phoneme_447,l̥,49,consonant
phoneme_448,ɬ̪,1,consonant
phoneme_449,ľ,38,consonant
phoneme_450,lˀ,4,consonant
phoneme_451,ḷ̤,2,consonant
phoneme_452,bɮ,0,consonant
phoneme_453,ḷ,105,consonant
phoneme_454,ʎ̥,4,consonant
phoneme_455,lʲ,3,consonant
phoneme_456,c̯,3,mod_consonant
phoneme_457,ˀc,3,mod_consonant
phoneme_458,cː,361,mod_consonant
phoneme_459,cᴺ,1,mod_consonant
phoneme_460,cʲʷ,1,mod_consonant
phoneme_461,c̥,5,mod_consonant
phoneme_462,cʰ,3,mod_consonant
phoneme_463,cᶛ,22,mod_consonant
phoneme_464,cʲː,4,mod_consonant
phoneme_465,cˀ,2,mod_consonant
phoneme_466,c̣,1,mod_consonant
phoneme_467,cʲ,130,mod_consonant
phoneme_468,ᴺc,200,mod_consonant
phoneme_469,c̣ː,1,mod_consonant
phoneme_470,ʰcᴺ,1,mod_consonant
phoneme_471,cːː,1,mod_consonant
phoneme_472,ͨN,1,mod_consonant
phoneme_473,cᵚ,4,mod_consonant
phoneme_474,c̤,1,mod_consonant
phoneme_475,cʲ̱,1,mod_consonant
phoneme_476,cʷ,234,mod_consonant
phoneme_477,vowelharmony,154,mod_vowel
phoneme_478,vː̰,1,mod_vowel
phoneme_479,vowelharmony_TR,1,mod_vowel
phoneme_480,v̱,3,mod_vowel
phoneme_481,v˜ᶛ,3,mod_vowel
phoneme_482,vː,968,mod_vowel
phoneme_483,v̤̅,1,mod_vowel
phoneme_484,v˜̰,7,mod_vowel
phoneme_485,vʔ,0,mod_vowel
phoneme_486,vˀv,0,mod_vowel
phoneme_487,v̤,40,mod_vowel
phoneme_488,vˀ_v,1,mod_vowel
phoneme_489,nasalharmony,24,mod_vowel
phoneme_490,vː̤,1,mod_vowel
phoneme_491,̅vː,2,mod_vowel
phoneme_492,v̆,2,mod_vowel
phoneme_493,v˜,462,mod_vowel
phoneme_494,v̰ː,6,mod_vowel
phoneme_495,v̥,4,mod_vowel
phoneme_496,v˜̤,4,mod_vowel
phoneme_497,v˜ː,111,mod_vowel
phoneme_498,̱vː,1,mod_vowel
phoneme_499,v̅,3,mod_vowel
phoneme_500,vᶛ,5,mod_vowel
phoneme_501,v̰,31,mod_vowel
phoneme_502,v̤ː,8,mod_vowel
phoneme_503,vˀ,3,mod_vowel
phoneme_504,mˡ,5,consonant
phoneme_505,n̪̥,0,consonant
phoneme_506,n̥˜,5,consonant
phoneme_507,n̥,63,consonant
phoneme_508,ˀn˜,3,consonant
phoneme_509,ŋm,40,consonant
phoneme_510,ṇ̥,2,consonant
phoneme_511,nʱ,1,consonant
phoneme_512,ŋ̥ʷ,1,consonant
phoneme_513,ˀn̪,0,consonant
phoneme_514,ŋʷ,29,consonant
phoneme_515,m,2044,consonant
phoneme_516,n,2050,consonant
phoneme_517,ˀŋʷ,1,consonant
phoneme_518,ŋˀ,2,consonant
phoneme_519,ṇ,142,consonant
phoneme_520,m̥,56,consonant
phoneme_521,mʷ,4,consonant
phoneme_522,nˀ,7,consonant
phoneme_523,ˀm,41,consonant
phoneme_524,nm,0,consonant
phoneme_525,ɱ,1,consonant
phoneme_526,ˀn,40,consonant
phoneme_527,mʱ,1,consonant
phoneme_528,N,14,consonant
phoneme_529,mᶛ,1,consonant
phoneme_530,nʲ,4,consonant
phoneme_531,mˀ,8,consonant
phoneme_532,ŋᵚ,1,consonant
phoneme_533,n̤,10,consonant
phoneme_534,n̪ᵚ,1,consonant
phoneme_535,mn˜,0,consonant
phoneme_536,n˜,801,consonant
phoneme_537,ṇ̤,1,consonant
phoneme_538,ŋ^,3,consonant
phoneme_539,ŋʲ,1,consonant
phoneme_540,n̯,57,consonant
phoneme_541,ŋ̥ʲ,1,consonant
phoneme_542,m̥ˡ,3,consonant
phoneme_543,ˀŋ,6,consonant
phoneme_544,ŋ,1206,consonant
phoneme_545,n˜̥,24,consonant
phoneme_546,m̤,10,consonant
phoneme_547,n̪,27,consonant
phoneme_548,nʷ,0,consonant
phoneme_549,mᵚ,1,consonant
phoneme_550,ŋ̥,30,consonant
phoneme_551,kʷ,181,consonant
phoneme_552,ɗ̪,1,consonant
phoneme_553,ɡ̤,49,consonant
phoneme_554,ᴳqʰ,1,consonant
phoneme_555,ʔ,898,consonant
phoneme_556,t̪,53,consonant
phoneme_557,ʄ,17,consonant
phoneme_558,k^,2,consonant
phoneme_559,ᵈt̪ˣ,1,consonant
phoneme_560,tʰ,322,consonant
phoneme_561,dˀ,5,consonant
phoneme_562,ɟ̤,3,consonant
phoneme_563,ᶢkʰ,2,consonant
phoneme_564,pː,1,consonant
phoneme_565,dʲ,8,consonant
phoneme_566,ɡ^,2,consonant
phoneme_567,ɡb,165,consonant
phoneme_568,pʱ,1,consonant
phoneme_569,ɡd,1,consonant
phoneme_570,tˣˀ,2,consonant
phoneme_571,kp,172,consonant
phoneme_572,ⁿd,174,consonant
phoneme_573,kt,1,consonant
phoneme_574,ⁿḍ,7,consonant
phoneme_575,ɗ̤,1,consonant
phoneme_576,ᴺG,2,consonant
phoneme_577,ḍˀ,1,consonant
phoneme_578,qʰ,28,consonant
phoneme_579,d̤̣,36,consonant
phoneme_580,d̪,38,consonant
phoneme_581,ɡːʷ,1,consonant
phoneme_582,bˀ,2,consonant
phoneme_583,ʔʷ,3,consonant
phoneme_584,tː,3,consonant
phoneme_585,qˀʷ,33,consonant
phoneme_586,ⁿtʰ,1,consonant
phoneme_587,ⁿt,2,consonant
phoneme_588,pʰ,283,consonant
phoneme_589,ᵑɡ,164,consonant
phoneme_590,dˣ,1,consonant
phoneme_591,ⁿdʲ,3,consonant
phoneme_592,t̯,48,consonant
phoneme_593,ɓ,138,consonant
phoneme_594,d̰,1,consonant
phoneme_595,ˀb,42,consonant
phoneme_596,ɓ̤,1,consonant
phoneme_597,ɟ,205,consonant
phoneme_598,ˀd,22,consonant
phoneme_599,kˀ,225,consonant
phoneme_600,cˣ,7,consonant
phoneme_601,ɡʷ,61,consonant
phoneme_602,pˀkˣˀ,1,consonant
phoneme_603,bʷ,7,consonant
phoneme_604,ˀk,1,consonant
phoneme_605,qᶛ,1,consonant
phoneme_606,ʰd,1,consonant
phoneme_607,ɗ̣,20,consonant
phoneme_608,qʰʷ,3,consonant
phoneme_609,ͫb,171,consonant
phoneme_610,ᵑͫɡb,5,consonant
phoneme_611,ˀp,1,consonant
phoneme_612,ᵇpʰ,1,consonant
phoneme_613,ʰk,3,consonant
phoneme_614,t̪ᵚ,1,consonant
phoneme_615,ˀt,2,consonant
phoneme_616,tʲ,9,consonant
phoneme_617,cˀ,13,consonant
phoneme_618,tˀ,228,consonant
phoneme_619,ṭ,222,consonant
phoneme_620,ᵑkʷ,0,consonant
phoneme_621,ʰp,3,consonant
phoneme_622,d̤,49,consonant
phoneme_623,ḍ̰,1,consonant
phoneme_624,ʰt,3,consonant
phoneme_625,ͫp,2,consonant
phoneme_626,ͫbʷ,1,consonant
phoneme_627,ˀɟ,3,consonant
phoneme_628,b̰,1,consonant
phoneme_629,d̯,21,consonant
phoneme_630,ɠ,14,consonant
phoneme_631,kʰ,310,consonant
phoneme_632,b,1347,consonant
phoneme_633,c,305,consonant
phoneme_634,d,1310,consonant
phoneme_635,kʰʷ,18,consonant
phoneme_636,ⁿ̃ɟ,20,consonant
phoneme_637,ʔʰ,1,consonant
phoneme_638,ˀd̪,1,consonant
phoneme_639,k,2032,consonant
phoneme_640,tp,0,consonant
phoneme_641,ɠ̤,1,consonant
phoneme_642,tˣ,13,consonant
phoneme_643,b̤,47,consonant
phoneme_644,ḍ,161,consonant
phoneme_645,pʷ,5,consonant
phoneme_646,kː,2,consonant
phoneme_647,ṭˀ,14,consonant
phoneme_648,p,1843,consonant
phoneme_649,q,236,consonant
phoneme_650,ᵑk,4,consonant
phoneme_651,G,23,consonant
phoneme_652,t,2035,consonant
phoneme_653,ɡ,1225,consonant
phoneme_654,ɡbʷ,2,consonant
phoneme_655,kpʷ,2,consonant
phoneme_656,ͫpʰ,3,consonant
phoneme_657,Gʷ,2,consonant
phoneme_658,pˀ,154,consonant
phoneme_659,ᵈtʰ,2,consonant
phoneme_660,bd,1,consonant
phoneme_661,ɡˀ,1,consonant
phoneme_662,ɓʷ,2,consonant
phoneme_663,ᵑkʰ,1,consonant
phoneme_664,ḍː,1,consonant
phoneme_665,ṭʰ,75,consonant
phoneme_666,d̪̤,1,consonant
phoneme_667,ʔ˜,1,consonant
phoneme_668,ɡʲ,3,consonant
phoneme_669,t̯ʰ,1,consonant
phoneme_670,t̪ˀ,1,consonant
phoneme_671,kʲ,14,consonant
phoneme_672,cː,2,consonant
phoneme_673,t̪ʰ,2,consonant
phoneme_674,bᵚ,1,consonant
phoneme_675,tʱ,1,consonant
phoneme_676,cʰ,34,consonant
phoneme_677,ʔʲ,1,consonant
phoneme_678,ⁿd̪,1,consonant
phoneme_679,ᵑɡʷ,6,consonant
phoneme_680,ɡ̤ʷ,0,consonant
phoneme_681,qˀ,101,consonant
phoneme_682,ɡː,1,consonant
phoneme_683,kˣˀ,2,consonant
phoneme_684,ˀɗ̣,1,consonant
phoneme_685,ˀt̪ʰ,2,consonant
phoneme_686,t̪ʷ,1,consonant
phoneme_687,kᵚ,1,consonant
phoneme_688,ɗ,106,consonant
phoneme_689,kˀʲ,1,consonant
phoneme_690,ɡ̰,1,consonant
phoneme_691,kˀʷ,55,consonant
phoneme_692,pt,1,consonant
phoneme_693,qʷ,45,consonant
phoneme_694,bɗ,0,consonant
phoneme_695,ⁿ̯d̯,1,consonant
phoneme_696,ⁿɾ,1,consonant
phoneme_697,ř,3,consonant
phoneme_698,ṛ,57,consonant
phoneme_699,ɾ̌,1,consonant
phoneme_700,v̊,14,consonant
phoneme_701,rˀ,1,consonant
phoneme_702,B,6,consonant
phoneme_703,ɾ̣,77,consonant
phoneme_704,r,1077,consonant
phoneme_705,ɾ˜,3,consonant
phoneme_706,ɹ,22,consonant
phoneme_707,ɹ̥,1,consonant
phoneme_708,ɹ́,1,consonant
phoneme_709,r̤,7,consonant
phoneme_710,ˀr,9,consonant
phoneme_711,ɾ,465,consonant
phoneme_712,rᵚ,2,consonant
phoneme_713,P,2,consonant
phoneme_714,ɾ̤,2,consonant
phoneme_715,R,1,consonant
phoneme_716,ʁ,8,consonant
phoneme_717,ṛʷ,1,consonant
phoneme_718,ɹ̣,98,consonant
phoneme_719,bɹ,1,consonant
phoneme_720,ɹ̣̥,1,consonant
phoneme_721,r̪,3,consonant
phoneme_722,r̥,27,consonant
phoneme_723,rʲ,4,consonant
phoneme_724,rᶻ̌,3,consonant
phoneme_725,ɾ̥,7,consonant
phoneme_726,ṛ̥,2,consonant
phoneme_727,ɾ̣̤,6,consonant
phoneme_728,ˀɾ,4,consonant
