"gloss","wordform","feature","loading"
"child","anak","child::anak",-0.145448227245076
"woman.female","babayi","woman.female::babayi",-0.145339054907987
"he.she","ya","he.she::ya",-0.138412235718517
"to.count","bilaŋ","to.count::bilaŋ",-0.135479711146852
"to.bite","kayat","to.bite::kayat",-0.134733020134494
"sky","laŋit","sky::laŋit",-0.134211965851884
"to.choose","piliʔ","to.choose::piliʔ",-0.131311836648498
"to.buy","haliw","to.buy::haliw",-0.126705845976911
"to.steal","takaw","to.steal::takaw",-0.125446799882158
"liver","agtay","liver::agtay",-0.12519488519548
"wing","pakpak","wing::pakpak",-0.121051399447105
"thou","ka","thou::ka",-0.120320369610008
"spider","gigaŋ","spider::gigaŋ",-0.12025917522873
"to.dream","taynɨp","to.dream::taynɨp",-0.118393882675438
"root","yamot","root::yamot",-0.117822393945882
"mouth","bɨbɨy","mouth::bɨbɨy",-0.116466329774057
"fire","apoy","fire::apoy",-0.115987204140368
"to.plant","tanɨm","to.plant::tanɨm",-0.114918300942412
"tail","ikoy","tail::ikoy",-0.114320860175814
"new","bayo","new::bayo",-0.107867666886918
"to.cry","taŋih","to.cry::taŋih",-0.106293686018231
"night","yabi","night::yabi",-0.105409375843194
"to.dig","kali","to.dig::kali",-0.104104660113391
"eye","mata","eye::mata",-0.102291356012082
"mosquito","ilɨk","mosquito::ilɨk",-0.101992484868294
"to.eat","kan","to.eat::kan",-0.101582848618689
"blood","dayaʔ","blood::dayaʔ",-0.0953937345258221
"to.drink","inom","to.drink::inom",-0.0924307300776809
"hand","gamɨt","hand::gamɨt",-0.0911639489633177
"house","bali","house::bali",-0.0905979698280406
"bone","botʔo","bone::botʔo",-0.0880269956577951
"water","lanom","water::lanom",-0.0873665603682391
"to.kill","pati","to.kill::pati",-0.0864822501932018
"skin","balat","skin::balat",-0.0854301482622236
"shoulder","bantaw","shoulder::bantaw",-0.0831367748057348
"neck","lɨʔɨy","neck::lɨʔɨy",-0.0815803249096145
"to.swim","taŋoy","to.swim::taŋoy",-0.0809198896200584
"Five","limá","Five::limá",0.080621685748708
"I","ako","I::ako",-0.0805892599052959
"lightning","kimat","lightning::kimat",-0.0792940065464521
"bird","manokmanok","bird::manokmanok",-0.0784866400015282
"to.fly","lompad","to.fly::lompad",-0.0771270441653858
"back","bokot","back::bokot",-0.0769700417269319
"if.","no","if.::no",-0.0768647413826447
"stone","bato","stone::bato",-0.0739496296803762
"to.suck","hɨphɨp","to.suck::hɨphɨp",-0.0735531507520317
"black","ŋitit","black::ŋitit",-0.0728927154624755
"to.sew","tayiʔ","to.sew::tayiʔ",-0.0720084052874383
"Nine","siyám","Nine::siyám",0.0711097075175274
"husband","ahawa","husband::ahawa",-0.0707517890046384
"heavy","byat","heavy::byat",-0.0705233709787512
"thatch.roof","atɨp","thatch.roof::atɨp",-0.069391520113274
"Four","apat","Four::apat",-0.0692482740774926
"nose","baloŋoh","nose::baloŋoh",-0.0690998700078029
"to.work","trabaho","to.work::trabaho",-0.0679027843974846
"moon","buwan","moon::buwan",-0.0667178743961778
"heavy","biyat","heavy::biyat",-0.0655286808899525
"to.stand","irɨŋ","to.stand::irɨŋ",-0.0646416664194115
"father","bapa","father::bapa",-0.0642096491557424
"head","olo","head::olo",-0.0640206749471398
"Six","anɨm","Six::anɨm",-0.063302358414936
"I","aku","I::aku",-0.0630269564098337
"to.sleep","toloy","to.sleep::toloy",-0.0627246148470555
"hair","habot","hair::habot",-0.0624961968211683
"tongue","dila","tongue::dila",-0.0615936520500349
"ear","talinga","ear::talinga",0.0615228419726018
"who.","hino","who.::hino",-0.0595136121992226
"good","hampat","good::hampat",-0.0587033513664957
"dirty","yaŋat","dirty::yaŋat",-0.0580429160769396
"rain","uran","rain::uran",-0.0575986849342632
"white","putiʔ","white::putiʔ",-0.0569137273006242
"to.climb","manik","to.climb::manik",-0.0557515952358843
"we","kamí","we::kamí",0.0556750072939184
"stone","bató","stone::bató",0.0552244938798024
"tooth","ŋipɨn","tooth::ŋipɨn",-0.0546260251020393
"Three","tatlo","Three::tatlo",-0.0538476558624618
"fish","kɨnaʔ","fish::kɨnaʔ",-0.0538131305144353
"man.male","lalaki","man.male::lalaki",-0.0530999642624864
"root","gamót","root::gamót",0.0530085604805516
"shoulder","abaya","shoulder::abaya",-0.052915277062969
"to.stand","idɨŋ","to.stand::idɨŋ",-0.0518246633546461
"fruit","boŋa","fruit::boŋa",-0.051596245328759
"Seven","pitó","Seven::pitó",0.0513159943741839
"left","odi","left::odi",-0.0497358042499789
"wing","pakpák","wing::pakpák",0.049708525928646
"skin","katat","skin::katat",-0.0491649230717838
"road.path","dalan","road.path::dalan",0.0484914252508031
"egg","itlog","egg::itlog",0.0483767369002421
"belly","bitoka","belly::bitoka",-0.0482507699412919
"fish","ikan","fish::ikan",-0.0478639586051222
"dust","alikabuk","dust::alikabuk",-0.0468401109032642
"tail","ikog","tail::ikog",0.0464773084541297
"Eight","waló","Eight::waló",0.0464197064307428
"I","akó","I::akó",0.0462960555632344
"star","bituʔɨn","star::bituʔɨn",-0.0462802855415598
"needle","dagum","needle::dagum",0.0461069221450668
"thatch.roof","buboŋ","thatch.roof::buboŋ",-0.0457145407694191
"salt","asín","salt::asín",0.0456119436140297
"mother","ima","mother::ima",-0.0453550765945772
"to.yawn","kayab","to.yawn::kayab",-0.0442295064607321
"tongue","dilaʔ","tongue::dilaʔ",-0.0441786798357674
"hair","labok","hair::labok",-0.0437974891970631
"breast","suso","breast::suso",0.0435827304962953
"thunder","korol","thunder::korol",-0.043569071171176
"thunder","kilat","thunder::kilat",-0.0435087884030496
"painful..sick","sakít","painful..sick::sakít",0.0433489460426393
"father","ama","father::ama",0.0432370776819903
"to.fly","lumpad","to.fly::lumpad",-0.0430185011926948
"at","ha","at::ha",-0.0429599224395922
"leaf","dahon","leaf::dahon",0.042945512883198
"to.squeeze","pɨspɨs","to.squeeze::pɨspɨs",-0.0429292260060312
"all","tanán","all::tanán",0.0427882380178222
"house","baláy","house::baláy",0.0426590397872546
"to.suck","sɨpsɨp","to.suck::sɨpsɨp",-0.042426386570543
"ash","abu","ash::abu",-0.0419863278100421
"Two","duwa","Two::duwa",0.0415693794184278
"spider","lawa","spider::lawa",0.0414301149374784
"house","balay","house::balay",0.0408422416465442
"sand","balas","sand::balas",-0.0408002225496229
"belly","tiyán","belly::tiyán",0.0405979095932709
"mother","ina","mother::ina",0.0405329190131268
"egg","okoy","egg::okoy",-0.0397762257165033
"we","kitá","we::kitá",0.0397051338045583
"to.chew","tilad","to.chew::tilad",0.0396106387361544
"skin","panit","skin::panit",0.0395686723284921
"to.walk","bita","to.walk::bita",-0.0393392856086717
"One.Thousand","libu","One.Thousand::libu",-0.0392571739170731
"Five","lima","Five::lima",-0.0390562795350125
"left","wala","left::wala",0.0390511674236271
"mosquito","namók","mosquito::namók",0.0389912089488353
"what.","anya","what.::anya",-0.0388847193253848
"lightning","kilát","lightning::kilát",0.0387908547731513
"you","kamó","you::kamó",0.0385125295077054
"eye","matá","eye::matá",0.0379604273863085
"egg","itlóg","egg::itlóg",0.0377112036402841
"liver","atáy","liver::atáy",0.0375653725130756
"thin","impih","thin::impih",-0.0371938160104286
"branch","panga","branch::panga",0.0368549886371642
"white","potiʔ","white::potiʔ",-0.036767406830112
"blood","daya","blood::daya",-0.0365819148172581
"Eight","walú","Eight::walú",0.0360446162869638
"Four","opat","Four::opat",0.0360009828172467
"Eight","walo","Eight::walo",-0.0359033397762112
"ash","abo","ash::abo",-0.0355760235796685
"and","tan","and::tan",-0.0354495084563172
"Eight","walu","Eight::walu",-0.0353443079278539
"he.she","siyá","he.she::siyá",0.0352818109209219
"to.burn","silab","to.burn::silab",-0.035213073139719
"to.hide","tagoʔ","to.hide::tagoʔ",-0.0349979289012633
"year","tawon","year::tawon",0.0349101910606517
"neck","bɨŋ","neck::bɨŋ",-0.0348860048644429
"branch","salingsíng","branch::salingsíng",0.03468958882142
"Five","limaʔ","Five::limaʔ",-0.0343782907237728
"thin","manipís","thin::manipís",0.03430189147306
"other","ibá","other::ibá",0.0342817689784352
"at","sa","at::sa",0.0340783621400071
"lightning","kilat","lightning::kilat",-0.0339306134745098
"breast","susu","breast::susu",-0.0339280412685029
"needle","karayom","needle::karayom",-0.0338839382515918
"mosquito","yamok","mosquito::yamok",-0.033400970555756
"eye","'mata","eye::'mata",-0.0333740499753025
"mosquito","balangkád","mosquito::balangkád",0.0332512497642165
"to.hide","tayo","to.hide::tayo",-0.0328251780613668
"mother","indoʔ","mother::indoʔ",-0.0327405352661998
"long","aba","long::aba",0.0323951719258682
"sky","langit","sky::langit",0.0320787074879604
"to.drink","inɨm","to.drink::inɨm",-0.0320407016643916
"feather","bulbul","feather::bulbul",-0.0317935747061163
"day","adlaw","day::adlaw",0.0311778663855882
"man.male","laki","man.male::laki",-0.031147109374018
"sand","barás","sand::barás",0.0310266036070181
"old","gurang","old::gurang",0.0309654297963562
"fish","isda","fish::isda",0.0308752860512832
"to.vomit","sukà","to.vomit::sukà",0.0308713446555733
"to.walk","panaw","to.walk::panaw",0.0308084264486159
"to.suck","sipsip","to.suck::sipsip",-0.0307225796660817
"Nine","siyam","Nine::siyam",-0.0306655141894282
"leaf","don","leaf::don",0.0306168566116146
"year","dagún","year::dagún",0.0305498068080146
"wind","hangin","wind::hangin",0.0303452827551758
"shoulder","abaga","shoulder::abaga",0.0301179954597468
"louse","kuto","louse::kuto",0.0300448764077766
"wide","malapad","wide::malapad",0.0300251517154934
"cold","maramíg","cold::maramíg",0.0298725271686705
"dog","asu","dog::asu",-0.0298386214900799
"fish","isdâ","fish::isdâ",0.0297753197916594
"blood","'dala","blood::'dala",0.029746970736997
"smoke","asó","smoke::asó",0.029504363617994
"mother","ináng","mother::ináng",0.0294330055983697
"tongue","'dilaʔ","tongue::'dilaʔ",-0.0293960985205197
"star","bitoʔɨn","star::bitoʔɨn",-0.0293292523746519
"nose","iróng","nose::iróng",0.0288548091969456
"left","walá","left::walá",0.0285885276767402
"intestines","bituka","intestines::bituka",-0.0285468289089108
"One","osa","One::osa",0.028538467412385
"to.steal","'takaw","to.steal::'takaw",-0.0285376334677937
"person.human.being","tau","person.human.being::tau",-0.0285049188949796
"to.work","obra","to.work::obra",-0.0284393341162623
"to.swim","lumangóy","to.swim::lumangóy",0.0284025770175725
"to.choose","piliq","to.choose::piliq",-0.0283788382508728
"leaf","bulong","leaf::bulong",-0.0283563935416768
"root","yamut","root::yamut",-0.0283555038459652
"night","la'bi","night::la'bi",0.0281619107634089
"to.pound..beat","bayo","to.pound..beat::bayo",-0.0280726839653831
"short","pandak","short::pandak",-0.0279644763603673
"rope","ta'li","rope::ta'li",0.0279125787467646
"rotten","bugúk","rotten::bugúk",-0.027900726219932
"he.she","iya","he.she::iya",-0.0277469826787949
"near","malapit","near::malapit",-0.0277203729968889
"Nine","siam","Nine::siam",-0.0274571783710323
"sea","dágat","sea::dágat",0.0272741111371101
"to.split","lapaun","to.split::lapaun",0.027269326475049
"Four","ʔapat","Four::ʔapat",-0.0272299337121201
"wing","payak","wing::payak",0.0272260025864613
"dog","ayam","dog::ayam",0.02714483540829
"dry","ugá","dry::ugá",0.0271060618461495
"fat.grease","tabá","fat.grease::tabá",0.0270987930906975
"liver","atay","liver::atay",0.0270078683385213
"dog","ásu","dog::ásu",-0.0269445118881066
"hair","buhok","hair::buhok",0.0268860059525189
"white","maputi","white::maputi",-0.0268056528950007
"back","likód","back::likód",0.0267927877676606
"Seven","pi'tu","Seven::pi'tu",0.0267639413105732
"fire","kalayo","fire::kalayo",0.0266173432918521
"tooth","ngipon","tooth::ngipon",0.0265334438312025
"painful..sick","masakit","painful..sick::masakit",-0.0264492652903807
"tooth","'ngipin","tooth::'ngipin",-0.0264130690940959
"husband","asawa","husband::asawa",-0.0263479402524168
"to.sniff..smell","aŋot","to.sniff..smell::aŋot",-0.0262938645180192
"sand","balás","sand::balás",-0.0262756434885422
"mouth","bibíg","mouth::bibíg",0.0262702387974809
"father","amáng","father::amáng",0.0262073955147223
"root","lamut","root::lamut",0.0261140897937295
"liver","agtoy","liver::agtoy",0.0261071451554099
"wind","angin","wind::angin",-0.0261066265074312
"sharp","matarem","sharp::matarem",-0.0260712774820932
"thick","makapal","thick::makapal",-0.025927667598558
"to.hunt","manganup","to.hunt::manganup",0.0259194584647149
"ash","abú","ash::abú",-0.0257386864685889
"to.die..be.dead","patay","to.die..be.dead::patay",0.0257299206927905
"Two","duwá","Two::duwá",0.0253852702492161
"to.hide","taguʔ","to.hide::taguʔ",-0.0252859389922316
"worm..earthworm.","bulati","worm..earthworm.::bulati",-0.0250171168506305
"to.drink","inum","to.drink::inum",-0.0249871641501291
"to.flow","lagnás","to.flow::lagnás",0.0248883637805123
"root","gamút","root::gamút",0.0248130180942056
"to.walk","lumákad","to.walk::lumákad",-0.0247666050170851
"tail","ikuy","tail::ikuy",-0.0247067886801762
"child","bata","child::bata",0.0246481900705427
"belly","tyan","belly::tyan",-0.0246325185905195
"Nine","si'yam","Nine::si'yam",0.0245658441851051
"to.tie.up..fasten","gapusun","to.tie.up..fasten::gapusun",0.0245119556836354
"breast","sosoʔ","breast::sosoʔ",-0.0244285719647269
"to.plant","tanóm","to.plant::tanóm",0.0243062164253338
"Three","tuló","Three::tuló",0.0242689302219338
"person.human.being","tolay","person.human.being::tolay",0.0240658674135556
"rotten","buyók","rotten::buyók",0.0240437163914016
"eye","ma'ta","eye::ma'ta",0.023935659461098
"fruit","búŋa","fruit::búŋa",-0.0238393469108618
"dust","alikabok","dust::alikabok",-0.0236410348832401
"Six","ʔɨ'nɨm","Six::ʔɨ'nɨm",0.0235719543258624
"green","bérde","green::bérde",-0.0235210256974868
"dog","idu","dog::idu",0.0235156210064254
"good","maál","good::maál",0.0234615690362231
"night","gabí","night::gabí",0.023386206691508
"father","tata","father::tata",-0.0232943848045608
"hair","buók","hair::buók",0.0232928022785325
"sand","baybay","sand::baybay",0.0232724321448582
"to.think","painuinu","to.think::painuinu",0.0231929239494254
"to.drink","minum","to.drink::minum",-0.0231697490549369
"you","ika","you::ika",-0.0231432074902979
"tail","ʔikug","tail::ʔikug",-0.0231195378015813
"to.pound..beat","bayú","to.pound..beat::bayú",-0.0231054036745917
"Four","upát","Four::upát",0.0230447922186012
"smoke","ʔa'sok","smoke::ʔa'sok",0.0230215783003963
"to.shoot","mamana","to.shoot::mamana",-0.0230049247827155
"smoke","aso","smoke::aso",0.022856013219761
"to.dig","'kotkot","to.dig::'kotkot",-0.022779667993227
"head","úlu","head::úlu",0.0227625286271687
"to.see","makita","to.see::makita",0.0227046285241518
"rain","udan","rain::udan",-0.0225290782414271
"worm..earthworm.","bolati","worm..earthworm.::bolati",-0.0225010190633465
"to.tie.up..fasten","itali","to.tie.up..fasten::itali",-0.0224774207934956
"branch","sanga","branch::sanga",-0.0224377463137829
"green","berde","green::berde",0.0224338492225012
"Six","anum","Six::anum",0.022374300725693
"head","'ʔolo","head::'ʔolo",-0.0223193513843159
"salt","asin","salt::asin",-0.0221831432990911
"woman.female","babay","woman.female::babay",0.0221354551086855
"mosquito","namok","mosquito::namok",0.0221116933637692
"Four","ʔo'pat","Four::ʔo'pat",0.0220839254564717
"fire","apúy","fire::apúy",0.0220764391144996
"salt","ʔa'sin","salt::ʔa'sin",0.0220431313675924
"to.bite","kagát","to.bite::kagát",0.0219675629862581
"stone","batu","stone::batu",-0.0219185744009949
"black","itom","black::itom",0.02188364671703
"sharp","mataram","sharp::mataram",-0.0218601853618005
"to.die..be.dead","matoy","to.die..be.dead::matoy",0.0217439013625126
"to.stab..pierce","saksák","to.stab..pierce::saksák",-0.0216785135906425
"tooth","ngipan","tooth::ngipan",0.021666173636313
"skin","balát","skin::balát",-0.021640971392211
"name","ngayan","name::ngayan",0.021621911564197
"all","tanan","all::tanan",0.0216027760510426
"thou","ikáw","thou::ikáw",0.0215372055720035
"house","bale","house::bale",-0.0215121492608086
"father","tatay","father::tatay",-0.0214688415577401
"father","amaʔ","father::amaʔ",-0.0214280959572934
"red","pulá","red::pulá",0.021331000196015
"shoulder","labay","shoulder::labay",0.021286345599988
"we","kita","we::kita",0.0212564756761435
"father","amá","father::amá",0.0210970937376719
"Six","onom","Six::onom",0.0210805320067104
"Four","apát","Four::apát",-0.0210673794595497
"water","danúm","water::danúm",0.0210651091938198
"year","taon","year::taon",-0.0209826263131718
"to.drink","inúm","to.drink::inúm",-0.0209626230663019
"leaf","'tubu","leaf::'tubu",0.020894493931401
"they","sila","they::sila",-0.020843474411494
"rain","oran","rain::oran",-0.0208319057712464
"sea","bay'bay","sea::bay'bay",0.0207999094917054
"branch","sangá","branch::sangá",0.0207518169556386
"Six","ʔanɨm","Six::ʔanɨm",-0.0207346152279554
"mother","ʔi'na","mother::ʔi'na",0.0206451619147567
"hand","ima","hand::ima",0.020624604878268
"to.live..be.alive","biyay","to.live..be.alive::biyay",-0.0205011065186793
"wet","basaʔ","wet::basaʔ",-0.0204022976122037
"if.","kun","if.::kun",0.0202620896366036
"root","wakat","root::wakat",-0.0202461573842024
"leaf","bulung","leaf::bulung",-0.0202359057428757
"leg.foot","bitís","leg.foot::bitís",-0.0201384641273246
"intestines","bitúka","intestines::bitúka",-0.0200352203750723
"child","ának","child::ának",-0.0199905416147981
"to.burn","durók","to.burn::durók",0.019967313865778
"root","gamot","root::gamot",0.0199363301907513
"neck","bagang","neck::bagang",0.0198846708747205
"short","pandák","short::pandák",-0.0198455551023508
"to.drink","uminum","to.drink::uminum",0.0198215700555235
"bird","pispis","bird::pispis",0.019695320969147
"woods.forest","talon","woods.forest::talon",0.0196903987564263
"tongue","'dila","tongue::'dila",0.0196502398863978
"thatch.roof","atap","thatch.roof::atap",-0.0196008184905039
"root","gamut","root::gamut",0.0195656795682862
"root","lamot","root::lamot",0.0195233630601505
"year","tuig","year::tuig",0.0195204059198568
"correct..true","ustu","correct..true::ustu",0.0193146025950898
"road.path","charan","road.path::charan",0.0193125791055375
"sky","'langit","sky::'langit",-0.0193003998390367
"root","ugat","root::ugat",0.0192950437391048
"Three","tulu","Three::tulu",0.0190626839468169
"sand","la'gan","sand::la'gan",0.0190601019411686
"woman.female","babái","woman.female::babái",-0.019041343957782
"root","uyat","root::uyat",-0.0189738209014758
"earth.soil","tanaʔ","earth.soil::tanaʔ",-0.0189405377643231
"blood","dugô","blood::dugô",0.0188381101201113
"lightning","ilat","lightning::ilat",0.0188368697895515
"to.choose","mamili","to.choose::mamili",-0.0187905233817853
"nose","ilóng","nose::ilóng",0.0187307019797228
"new","bago","new::bago",0.0186863285882861
"to.hide","tago","to.hide::tago",-0.0186434160736986
"dog","ido","dog::ido",0.0186023181972713
"fish","ʔi'kan","fish::ʔi'kan",-0.0184952805876429
"good","mayád","good::mayád",0.0184902983361849
"ear","inga","ear::inga",0.0184408917034145
"to.fly","layang","to.fly::layang",-0.0184322718885124
"flower","bulaklak","flower::bulaklak",-0.0184180274435393
"red","pula","red::pula",0.0184025589209603
"wind","ángin","wind::ángin",0.0184023134940151
"tongue","díla","tongue::díla",0.0183901584716154
"woods.forest","gúbat","woods.forest::gúbat",-0.0183291956872984
"to.plant","mola","to.plant::mola",-0.0182827373444416
"dog","aso","dog::aso",-0.0182369914921688
"dog","ʔasu","dog::ʔasu",-0.0181733199184163
"year","dagun","year::dagun",0.0181511736631497
"star","ta'law","star::ta'law",0.0180662120819258
"stone","ba'to","stone::ba'to",-0.0180349639787319
"if.","kung","if.::kung",0.0179895895524798
"to.shoot","pana","to.shoot::pana",-0.0179828323590568
"lake","danáw","lake::danáw",0.0179449877609507
"this","ini","this::ini",-0.0179396305113989
"stone","batú","stone::batú",0.0179152248701971
"who.","sino","who.::sino",0.0178978728691381
"child","anák","child::anák",0.0178745247421699
"how.","pila","how.::pila",-0.0178284040230644
"and","kan","and::kan",0.0177923085216671
"night","labí","night::labí",0.017782289366042
"mother","iná","mother::iná",0.0177745464676787
"feather","la'wi","feather::la'wi",0.0177587439620083
"we","kami","we::kami",-0.0177403942800843
"stone","ba'tu","stone::ba'tu",0.0176913939349529
"sky","banua","sky::banua",-0.0176886568640038
"Nine","hiyam","Nine::hiyam",-0.0176703739994377
"head","'ʔulu","head::'ʔulu",0.0176592412743471
"to.cook","luto","to.cook::luto",-0.0176306510341054
"Three","tatló","Three::tatló",0.0176265526853989
"hand","dalúkap","hand::dalúkap",0.0174681014341413
"to.dig","kotkot","to.dig::kotkot",-0.0174397788311263
"to.hunt","manganop","to.hunt::manganop",0.0173969093120504
"nose","ilong","nose::ilong",0.0173699301898638
"to.count","bílaŋ","to.count::bílaŋ",-0.0173677999927509
"hair","buhók","hair::buhók",0.017343289524895
"to.buy","bakál","to.buy::bakál",0.0173254756492636
"belly","bituka","belly::bituka",-0.0172785938186553
"neck","ba'gang","neck::ba'gang",0.0172665040398154
"to.grow","tumubo","to.grow::tumubo",-0.0172657797224927
"lake","dánaw","lake::dánaw",0.0172181256323158
"moon","bulán","moon::bulán",0.0171887481585464
"and","ya","and::ya",0.0171706893813171
"to.cry","akis","to.cry::akis",-0.0171667711118757
"right","ziwanan","right::ziwanan",0.017140278078312
"to.choose","píliʔ","to.choose::píliʔ",0.0171300294448205
"if.","nu","if.::nu",0.0171267530489844
"big","dakal","big::dakal",0.0170984080535287
"bone","tulang","bone::tulang",0.0170788054158225
"hand","bɨlad","hand::bɨlad",-0.0169566412502603
"rain","urán","rain::urán",0.0169362522060829
"rotten","lubók","rotten::lubók",0.0168859540789628
"tooth","ŋipon","tooth::ŋipon",-0.0168530917658436
"wing","payaʔ","wing::payaʔ",0.0168144361037155
"year","ta'wɨn","year::ta'wɨn",0.0167648541027656
"thatch.roof","atep","thatch.roof::atep",-0.0167275681245648
"Three","tallu","Three::tallu",0.016705889827208
"to.count","'bilang","to.count::'bilang",0.0166573710037337
"spider","kakawwa","spider::kakawwa",0.0165621273373183
"stick.wood","káyu","stick.wood::káyu",0.0165473541130777
"this","iní","this::iní",-0.0165450168032928
"ash","abó","ash::abó",0.0165283359777178
"blood","dugo","blood::dugo",0.0164451871753745
"skin","kulit","skin::kulit",-0.0162416125549166
"intestines","'bagis","intestines::'bagis",0.0162144780772995
"root","dalid","root::dalid",-0.0160604545214527
"name","aran","name::aran",0.0160578101543067
"leg.foot","paʔa","leg.foot::paʔa",-0.0159836271368993
"no..not","awan","no..not::awan",0.0159755442687999
"thou","ikaw","thou::ikaw",0.015971208816081
"in..inside","ha","in..inside::ha",-0.0159445410280466
"to.die..be.dead","matáy","to.die..be.dead::matáy",0.0159414371699346
"fruit","buŋa","fruit::buŋa",0.0159173010067191
"what.","ano","what.::ano",0.0158484958030637
"fire","ʔapuy","fire::ʔapuy",0.0158015846647665
"he.she","tana","he.she::tana",0.0157755171114323
"skin","gaddang","skin::gaddang",0.0156895267583623
"blood","dugúʔ","blood::dugúʔ",0.0156572541694734
"to.choose","'pili","to.choose::'pili",0.0156570570333952
"water","danum","water::danum",0.0155721012641061
"smoke","asuk","smoke::asuk",-0.0155583768654572
"sky","lángit","sky::lángit",0.0155368719613139
"to.hit","hampák","to.hit::hampák",0.0155296361413528
"Seven","pituʔ","Seven::pituʔ",-0.0154511650737804
"leg.foot","sikí","leg.foot::sikí",0.0154443220435007
"all","ngamin","all::ngamin",0.0153872205943177
"Seven","pito","Seven::pito",-0.015360967500779
"sky","láŋit","sky::láŋit",0.0153242262052826
"to.dig","kalî","to.dig::kalî",0.0153044223108206
"ear","talínga","ear::talínga",0.0152254457172998
"head","ʔulu","head::ʔulu",-0.015217994683342
"wife","asawa","wife::asawa",-0.0151975489102333
"Fifty","singkwénta","Fifty::singkwénta",0.0151871492773998
"mother","nanay","mother::nanay",-0.0151783816829335
"name","ŋáran","name::ŋáran",0.0151356555531299
"this","yaw","this::yaw",0.0151207071534356
"you","kaw","you::kaw",-0.0151165127027885
"hand","lima","hand::lima",0.015084757342638
"salt","timus","salt::timus",-0.0150808350675369
"to.swim","kiyát","to.swim::kiyát",0.0150496522673281
"meat.flesh","karne","meat.flesh::karne",0.0150470868011949
"flower","bulaklák","flower::bulaklák",0.0150233557630368
"all","ʔa'min","all::ʔa'min",0.0149712562014124
"louse","utu","louse::utu",0.0149513588021925
"woman.female","ba'baʔi","woman.female::ba'baʔi",0.0149304621125332
"lake","lanaw","lake::lanaw",-0.0149048068217235
"to.eat","ma'ngan","to.eat::ma'ngan",-0.0148992140093393
"nose","ʔilung","nose::ʔilung",-0.0148475220024545
"Twenty","duwapolo","Twenty::duwapolo",0.0148362357429965
"Ten","sampolo","Ten::sampolo",0.0148201887589912
"stick.wood","kayu","stick.wood::kayu",-0.0148107257504016
"to.vomit","'ʔuta","to.vomit::'ʔuta",0.0147757145355846
"thatch.roof","atop","thatch.roof::atop",0.014765768183962
"salt","ʔasín","salt::ʔasín",0.0147589576356235
"fog","ambon","fog::ambon",0.0146975412629423
"house","balɨy","house::balɨy",-0.0146400782847622
"to.die..be.dead","natay","to.die..be.dead::natay",0.0146366613384036
"back","pɨka","back::pɨka",-0.0146240313007568
"to.hunt","anop","to.hunt::anop",-0.0146080650146534
"mosquito","lamok","mosquito::lamok",0.0145927770520489
"star","bituón","star::bituón",0.0145535081979515
"to.count","bilang","to.count::bilang",-0.0145459556036549
"husband","ʔa'sawa","husband::ʔa'sawa",0.0145234913049545
"fruit","burak","fruit::burak",0.01451979762191
"wet","nabasa","wet::nabasa",0.0145112379343619
"fat.grease","tambok","fat.grease::tambok",0.0144730094619953
"Four","ʔɨ'pat","Four::ʔɨ'pat",0.0144701455036221
"to.come","umali","to.come::umali",0.0144608195018677
"back","likod","back::likod",0.0144464742128436
"name","ngadan","name::ngadan",0.014391389966531
"ear","'ʔinga","ear::'ʔinga",0.0143800860870671
"to.come","omali","to.come::omali",0.0143594037044615
"leg.foot","siki","leg.foot::siki",0.0143543601889097
"rat","otot","rat::otot",0.0143433567204562
"to.choose","píli","to.choose::píli",0.0142519519079191
"feather","dutdut","feather::dutdut",0.0142345949442057
"to.buy","bumilí","to.buy::bumilí",0.0142083974469066
"big","dako","big::dako",0.0142035034667403
"to.eat","makaon","to.eat::makaon",0.0141941795706658
"to.lie.down","umbog","to.lie.down::umbog",0.0141811730366752
"ear","taliŋa","ear::taliŋa",0.0141630386153247
"sand","baras","sand::baras",0.0141552403411651
"lake","danaw","lake::danaw",0.0141215574313713
"lightning","kílat","lightning::kílat",0.0141212225068164
"to.walk","manálan","to.walk::manálan",0.014100454610312
"dust","tapok","dust::tapok",0.0140857797510751
"One","isa","One::isa",0.0140747541219929
"to.vomit","suka","to.vomit::suka",-0.0140651912761422
"he.she","siya","he.she::siya",0.0140382732134589
"star","bitun","star::bitun",0.0140226969496007
"neck","buʔlaw","neck::buʔlaw",0.0140207650141086
"where.","ano","where.::ano",-0.014006075735258
"stick.wood","kahoy","stick.wood::kahoy",0.0139922673659266
"yellow","madiláw","yellow::madiláw",0.0139853905766105
"rope","tali","rope::tali",-0.0139829537921349
"belly","tiyan","belly::tiyan",-0.0139574282151457
"tongue","dílaʔ","tongue::dílaʔ",0.0139441571907156
"to.kill","patáy","to.kill::patáy",0.01393686819968
"rope","kalát","rope::kalát",0.0139073204107713
"painful..sick","ma-sakít","painful..sick::ma-sakít",-0.0138808994251779
"hand","íma","hand::íma",0.0138240163165895
"to.walk","ma'nalan ('dalan)","to.walk::ma'nalan ('dalan)",0.0137818246763418
"warm","mainit","warm::mainit",0.0137792705701205
"if.","kon","if.::kon",0.0137699350936954
"wife","ʔa'sawa","wife::ʔa'sawa",0.0136650262522284
"to.swim","aglangóy","to.swim::aglangóy",0.0136603439953154
"bad..evil","masamâ","bad..evil::masamâ",0.0136262500917282
"Three","tulú","Three::tulú",0.013576876991981
"year","taʔun","year::taʔun",-0.0135671420656668
"intestines","sinay","intestines::sinay",0.0135600025622727
"belly","pu'tu","belly::pu'tu",0.0135324926596975
"Eight","waluʔ","Eight::waluʔ",-0.0135236121724001
"dog","áyam","dog::áyam",0.013420814060522
"fruit","boa","fruit::boa",0.013403243221432
"head","ʔu:lu","head::ʔu:lu",0.0133926168754663
"breast","'soso","breast::'soso",0.0133861962278243
"to.say","kagi","to.say::kagi",-0.0133601263865839
"bird","manok","bird::manok",-0.0133464033827634
"to.cry","tangís","to.cry::tangís",0.0133251730555928
"salt","ʔa'hin","salt::ʔa'hin",-0.0133141540357511
"correct..true","tama","correct..true::tama",0.0132330119816888
"right","dawinan","right::dawinan",0.0132319753796591
"left","ʔi'gid","left::ʔi'gid",0.0132314486508757
"to.climb","saka","to.climb::saka",0.0131215427060494
"tooth","ngipin","tooth::ngipin",-0.0131056025412435
"thatch.roof","ʔatap","thatch.roof::ʔatap",0.0130445807744745
"fat.grease","tabi","fat.grease::tabi",0.0130174231282597
"person.human.being","'tagu","person.human.being::'tagu",0.0129821166342314
"sea","bebay","sea::bebay",0.0129441062379777
"to.pound..beat","'bayu","to.pound..beat::'bayu",0.0129233596236157
"he.she","na","he.she::na",0.0128323221364361
"to.fear","takot","to.fear::takot",-0.0128188125383159
"yellow","dilaw","yellow::dilaw",-0.0128124989782639
"belly","putu","belly::putu",0.0128083490309039
"star","bituon","star::bituon",0.0127656125327989
"sand","pantad","sand::pantad",-0.0127646057487282
"husband","bana","husband::bana",0.0127072245849284
"thatch.roof","atúp","thatch.roof::atúp",0.0126993589754495
"sea","baybay","sea::baybay",0.0126969403141899
"to.open..uncover","buksan","to.open..uncover::buksan",0.012685290190067
"child","ʔa'nak","child::ʔa'nak",-0.012683969311744
"skin","anit","skin::anit",0.0126516977227593
"snake","iraw","snake::iraw",0.012645855903853
"hand","alima","hand::alima",0.012641789851785
"new","bag-o","new::bag-o",0.0126146310147207
"thatch.roof","atóp","thatch.roof::atóp",0.012574708649589
"Four","ʔopat","Four::ʔopat",0.0125667195554458
"to.live..be.alive","buhi","to.live..be.alive::buhi",0.0125313590894874
"needle","tanud","needle::tanud",0.0125200365452174
"cold","malamig","cold::malamig",0.0125116050751636
"right","tu-o","right::tu-o",0.0124851001608987
"smoke","ʔɨbɨl","smoke::ʔɨbɨl",-0.0124422225605304
"yellow","diláw","yellow::diláw",0.0124412960437335
"to.die..be.dead","mapatay","to.die..be.dead::mapatay",0.0124375428571599
"liver","agal","liver::agal",0.0124140562077375
"hand","kamót","hand::kamót",0.012403096088797
"smoke","asok","smoke::asok",-0.0123915395088279
"black","mɨʔitɨm","black::mɨʔitɨm",-0.0123816370588105
"fire","ʔa'poy","fire::ʔa'poy",-0.0123765011918265
"father","ʔama","father::ʔama",0.0123484288835873
"grass","pasaw","grass::pasaw",0.0123413122611054
"right","kawanan","right::kawanan",-0.0123099903701092
"tooth","baba","tooth::baba",0.012255791140025
"egg","ʔítlug","egg::ʔítlug",0.0122460232059389
"to.choose","pili","to.choose::pili",0.0122365224624247
"branch","saŋá","branch::saŋá",-0.0122195534976782
"night","gabi","night::gabi",0.0122172132032224
"cloud","panganod","cloud::panganod",0.0122145348613727
"fire","hapuy","fire::hapuy",-0.0121541131479402
"to.hear","dinɨg","to.hear::dinɨg",-0.0121434477184278
"Six","onóm","Six::onóm",0.0121360443407451
"intestines","bitoka","intestines::bitoka",-0.012129180873878
"Four","appat","Four::appat",0.0121090799455433
"star","bitoʔon","star::bitoʔon",-0.0120766949852484
"tongue","dilá","tongue::dilá",0.0120618413505742
"water","danom","water::danom",-0.0120332873887768
"to.sleep","maturog","to.sleep::maturog",0.0120278316449422
"breast","soso","breast::soso",-0.0119979037266554
"tooth","bab'ʔa","tooth::bab'ʔa",0.0119474326861094
"man.male","lalake","man.male::lalake",0.011917170681961
"name","ŋaran","name::ŋaran",-0.0119056143652513
"tongue","zila","tongue::zila",0.0117981598834425
"what.","anó","what.::anó",0.0117942558706172
"cold","maramig","cold::maramig",0.0117840872415713
"left","zimigi","left::zimigi",0.0117795275246576
"lightning","silaʔ","lightning::silaʔ",-0.0117673117436635
"they","sira","they::sira",0.0117582745188337
"Ten","mapulu","Ten::mapulu",0.0117376574998729
"wife","ʔɨsawa","wife::ʔɨsawa",-0.0117208076727855
"Seven","pitu","Seven::pitu",0.0116753173022253
"salt","ʔahin","salt::ʔahin",0.0116532702918618
"snake","sawa","snake::sawa",0.0116278219625686
"breast","tutuʔ","breast::tutuʔ",-0.0116207697628476
"One.Thousand","'libu","One.Thousand::'libu",0.0115404618785306
"water","ranom","water::ranom",-0.0115287079276502
"to.pound..beat","aglubók","to.pound..beat::aglubók",0.0114966648719947
"to.suck","supsupan","to.suck::supsupan",0.0114789178956636
"bird","yanggam","bird::yanggam",0.0114690188890233
"wet","basâ","wet::basâ",0.0114632812765861
"One","isá","One::isá",0.011390565567805
"to.dig","kútkut","to.dig::kútkut",0.011380922701528
"tail","ipus","tail::ipus",0.0113747251897081
"to.open..uncover","puwas","to.open..uncover::puwas",-0.0113595454661631
"to.drink","ʔuminum","to.drink::ʔuminum",0.0113459570788041
"house","bayay","house::bayay",0.011345109510731
"to.fall","dagdág","to.fall::dagdág",0.0113278981143041
"to.eat","kaʔan","to.eat::kaʔan",-0.0113082087770307
"sand","dagat","sand::dagat",0.0112911924230088
"dirty","mauring","dirty::mauring",0.0112280197851969
"to.shoot","tira","to.shoot::tira",-0.0112165649046875
"moon","bolan","moon::bolan",-0.0111969977154145
"fire","apuy","fire::apuy",-0.0111862716518318
"green","grin","green::grin",0.0111759513187586
"dog","tito","dog::tito",0.011164768993031
"child","bataʔ","child::bataʔ",-0.0111485426923701
"to.vomit","magsuká","to.vomit::magsuká",0.0111483005677497
"thatch.roof","ʔatɨp","thatch.roof::ʔatɨp",-0.0111304560272322
"neck","tangngad","neck::tangngad",0.0111217611755779
"nose","ʔidung","nose::ʔidung",-0.0111177321446376
"liver","agtáy","liver::agtáy",0.0111084834426956
"to.stand","matindog","to.stand::matindog",0.0110838530797194
"flower","bulak","flower::bulak",-0.0110764254808256
"fat.grease","tabáʔ","fat.grease::tabáʔ",0.0110742762440599
"to.shoot","paltog","to.shoot::paltog",-0.0110671498556731
"bone","túlang","bone::túlang",0.0110389241712026
"to.dream","madamgo","to.dream::madamgo",0.0110239442625673
"breast","súsu","breast::súsu",0.0109841383913763
"thunder","lugung","thunder::lugung",-0.0109711901638218
"mother","ʔina","mother::ʔina",0.0109513232122787
"to.sew","tahiʔ","to.sew::tahiʔ",-0.0109440259893456
"night","gab-i","night::gab-i",0.0109173228438343
"worm..earthworm.","ulod","worm..earthworm.::ulod",0.0109133194835188
"fat.grease","tabiʔ","fat.grease::tabiʔ",-0.0108771858914449
"rope","pisi","rope::pisi",0.0108697655400955
"feather","lakay","feather::lakay",-0.0108653352240871
"sea","dagat","sea::dagat",-0.010821814846311
"father","mama","father::mama",0.0108120437728715
"star","bitoon","star::bitoon",0.0107935001628204
"wide","ʔabillog","wide::ʔabillog",0.0107852490629483
"to.drink","ʔinúm","to.drink::ʔinúm",0.0107732479305918
"liver","ʔatay","liver::ʔatay",-0.0107523493801099
"bad..evil","malain","bad..evil::malain",0.0107452715548582
"earth.soil","lupa","earth.soil::lupa",0.0107397243599234
"Five","lalima","Five::lalima",-0.0107126750965145
"fish","ikán","fish::ikán",0.0107091542567959
"liver","ʔag'tɨy","liver::ʔag'tɨy",0.0106460747069491
"man.male","binata","man.male::binata",0.0106458724300184
"hand","kamot","hand::kamot",0.010629609907225
"thunder","lintiʔ","thunder::lintiʔ",0.0106270404656585
"Five","líma","Five::líma",0.010599858238079
"needle","'dagum","needle::'dagum",0.0105465720192879
"ear","tɨlinga","ear::tɨlinga",-0.0105222012037406
"to.fly","lupád","to.fly::lupád",0.0104921288888814
"smoke","asúʔ","smoke::asúʔ",0.0104377119234575
"mosquito","la'mok","mosquito::la'mok",0.0104031668014005
"person.human.being","tawo","person.human.being::tawo",0.0103921123057894
"Six","unom","Six::unom",0.0103853556082833
"leg.foot","huʔi","leg.foot::huʔi",0.0103770267739288
"they","sinda","they::sinda",0.0103765369283601
"man.male","la'laki","man.male::la'laki",-0.0103719186982066
"to.dream","inóp","to.dream::inóp",0.0103691916087486
"to.suck","supsup","to.suck::supsup",0.010358960060472
"lightning","kidlat","lightning::kidlat",0.0103453900045811
"moon","'bulan","moon::'bulan",0.0102972400026436
"woman.female","babaye","woman.female::babaye",0.0102558247544613
"new","bagú","new::bagú",0.0102154771077618
"dry","uga","dry::uga",0.010214223367976
"dry","yango","dry::yango",-0.0101878315694113
"dust","galbók","dust::galbók",0.0101776331377846
"Four","upat","Four::upat",0.0101601417777511
"water","tubig","water::tubig",0.0101345383671258
"egg","bunay","egg::bunay",0.0101071022094047
"good","mayad","good::mayad",0.0101000997644642
"to.swim","man-iyat","to.swim::man-iyat",0.0100975757089704
"hand","'ʔima","hand::'ʔima",0.010095698681483
"to.count","magbilang","to.count::magbilang",0.010048480591473
"One.Hundred","magatu","One.Hundred::magatu",0.010045102399447
"meat.flesh","laman","meat.flesh::laman",-0.0100425599043498
"needle","karayum","needle::karayum",-0.0100102361578558
"you","ka","you::ka",0.00997521102052578
"leg.foot","tiíl","leg.foot::tiíl",0.00996129738232548
"leaf","doon","leaf::doon",0.00993790054962598
"to.blow","huyúp","to.blow::huyúp",0.00990814742618092
"mosquito","lamúk","mosquito::lamúk",0.00989232068696271
"to.hunt","mangayam","to.hunt::mangayam",0.00988793621383365
"they","da","they::da",0.00982606108433576
"egg","ʔiklug","egg::ʔiklug",0.00982116279577401
"to.walk","hipanɨw","to.walk::hipanɨw",-0.00981083776892441
"dust","yab-ok","dust::yab-ok",0.00980193534908642
"to.scratch","kotkot","to.scratch::kotkot",0.00979338582466226
"skin","gaddáng","skin::gaddáng",0.00975995659977983
"fruit","'bunga","fruit::'bunga",0.00974686397717752
"to.suck","sosop","to.suck::sosop",0.00969543834725412
"back","taludtód","back::taludtód",0.00967048726867665
"moon","bu'lan","moon::bu'lan",0.00963538207257199
"who.","sin-o","who.::sin-o",0.0096320463927749
"rat","ʔambaw","rat::ʔambaw",-0.00959400709246706
"needle","dágum","needle::dágum",0.00958637992380127
"to.fear","tálaw","to.fear::tálaw",0.00957097546981074
"back","likúd","back::likúd",0.00954761197985321
"snake","ulag","snake::ulag",0.00953813493901326
"to.eat","mangán","to.eat::mangán",0.00952938759509263
"nose","irong","nose::irong",0.00951607576265506
"man.male","laʔi","man.male::laʔi",-0.00950781663722688
"to.vomit","masuka","to.vomit::masuka",0.00950251553895295
"new","bagu","new::bagu",0.00946057614080674
"mother","iloy","mother::iloy",0.00945616694550291
"belly","sinay","belly::sinay",0.00945299943132421
"white","putí'","white::putí'",0.00942051146685122
"you","ikáw","you::ikáw",0.00941999395173248
"to.squeeze","pespes","to.squeeze::pespes",-0.00941322090767917
"to.hit","tamaan","to.hit::tamaan",0.00940185347864875
"skin","lundis","skin::lundis",-0.00938819772328216
"sharp","matarám","sharp::matarám",0.00936105314732655
"fruit","búnga","fruit::búnga",0.00930994163007876
"to.hold","onnan","to.hold::onnan",0.00922588830684755
"liver","altey","liver::altey",-0.00915564393829806
"to.suck","supsop","to.suck::supsop",-0.00912951133138542
"tail","'ʔipos","tail::'ʔipos",0.00910180882224025
"skin","kublit","skin::kublit",0.00908375027346194
"tail","ʔikul","tail::ʔikul",0.00906389139402512
"woman.female","babáʔi","woman.female::babáʔi",0.009060150951834
"painful..sick","masakít","painful..sick::masakít",0.0090479529143025
"Fifty","singkwenta","Fifty::singkwenta",0.00903980772289915
"to.count","isip","to.count::isip",0.00902247297558707
"dry","mara","dry::mara",0.00902212391597415
"wet","basa","wet::basa",0.00901156476876462
"wing","fafak","wing::fafak",-0.00900137970872151
"to.hold","kaptan","to.hold::kaptan",0.00898435850259676
"Three","tallo","Three::tallo",0.00897849347518914
"dry","mala","dry::mala",0.0089469763121725
"to.die..be.dead","mátay","to.die..be.dead::mátay",0.00893851231057927
"name","ngaran","name::ngaran",0.00891381826778839
"Nine","syam","Nine::syam",0.00890436440133351
"name","'ngadan","name::'ngadan",0.00888839892445143
"if.","ku","if.::ku",-0.00887660497102407
"to.sleep","matulog","to.sleep::matulog",0.00887467724286311
"no..not","mari","no..not::mari",0.00886873158676183
"to.die..be.dead","pati","to.die..be.dead::pati",0.00885408568689285
"to.cook","lutu","to.cook::lutu",0.0088269547939187
"rain","udán","rain::udán",0.00882494604400635
"to.breathe","maginhawa","to.breathe::maginhawa",0.00879466885612991
"meat.flesh","unod","meat.flesh::unod",0.00879279758970073
"to.swim","lumbuk","to.swim::lumbuk",-0.00878512219513419
"warm","maʔinit","warm::maʔinit",0.00876606140457573
"dry","mará","dry::mará",0.00874973994761306
"if.","kin","if.::kin",0.00874371451235079
"thin","nipis","thin::nipis",-0.00872785681536859
"back","likud","back::likud",0.00872659355337623
"if.","kɨ","if.::kɨ",-0.00871368868432689
"feather","barahibo","feather::barahibo",0.00868804743739695
"leg.foot","tikad","leg.foot::tikad",0.00868465443946191
"belly","san","belly::san",0.00868329782364895
"to.tie.up..fasten","ʔikɨt","to.tie.up..fasten::ʔikɨt",-0.00867965785508912
"that","yan","that::yan",0.00867493888007004
"to.swim","langóy","to.swim::langóy",0.00867137670657967
"sharp","ta'dɨm","sharp::ta'dɨm",0.00864149221332922
"to.drink","uminom","to.drink::uminom",0.0086348819968804
"father","amay","father::amay",0.00862849238736429
"man.male","laláki","man.male::laláki",0.0085876458203505
"to.sew","tahíʔ","to.sew::tahíʔ",0.00858328051908434
"left","gibang","left::gibang",-0.0084911660784607
"day","ʔalgaw","day::ʔalgaw",0.00847681519169011
"hair","buok","hair::buok",0.00846567012719463
"white","putiq","white::putiq",0.00845929070361409
"that","ina","that::ina",0.00840292478971263
"lightning","ki'lat","lightning::ki'lat",0.00839216019668492
"dry","namaga","dry::namaga",0.00837634065519332
"Three","tolo","Three::tolo",-0.00834209820569641
"to.stand","tindog","to.stand::tindog",0.0083139481139389
"right","kwanan","right::kwanan",-0.00826074236809634
"to.blow","huyóp","to.blow::huyóp",0.00826061841071068
"leaf","dáhon","leaf::dáhon",0.00825575468368457
"husband","esawa","husband::esawa",-0.00825421977547288
"egg","itlúg","egg::itlúg",0.00825242279791009
"you","kam","you::kam",0.00824359718472748
"needle","da:gum","needle::da:gum",0.00821446435124612
"flower","buyak","flower::buyak",0.008211543370707
"Ten","sɨpuluʔ","Ten::sɨpuluʔ",-0.00818959125423723
"feather","balahibo","feather::balahibo",0.00817463350390157
"to.swim","maglangóy","to.swim::maglangóy",0.00816571594580395
"to.come","hendini","to.come::hendini",-0.00812429280910924
"liver","ʔaˈtaj","liver::ʔaˈtaj",0.00811786644987334
"thou","kayo","thou::kayo",0.0080987552572864
"bone","bukog","bone::bukog",0.00809617138469376
"shoulder","abagá","shoulder::abagá",0.00807198462393544
"how.","'pila","how.::'pila",-0.00807166916456272
"hand","líma","hand::líma",0.00800337899678504
"hair","buuk","hair::buuk",0.00799317251891737
"to.steal","kawaton","to.steal::kawaton",0.00796664053087181
"neck","lig","neck::lig",0.00795902204297028
"to.burn","sunóg","to.burn::sunóg",0.00794917551875814
"good","mapiá","good::mapiá",-0.00790316793032453
"louse","koto","louse::koto",-0.00787278025709525
"blood","dala","blood::dala",-0.00786335343635975
"to.hunt","maŋanup","to.hunt::maŋanup",0.0078510079243793
"thatch.roof","ʔa'tɨp","thatch.roof::ʔa'tɨp",-0.00784920588069382
"to.swim","langoy","to.swim::langoy",0.0078447569377713
"blood","digi","blood::digi",0.00781791798581519
"road.path","aragyan","road.path::aragyan",0.00781091554087466
"dust","gabu","dust::gabu",0.00779012528056981
"how.","paano","how.::paano",0.00776114309829312
"to.swim","naŋuy","to.swim::naŋuy",0.00772562928553804
"you","kamú","you::kamú",0.0077165440654376
"One.Hundred","gatus","One.Hundred::gatus",-0.00771297312244554
"One","usa","One::usa",0.00770356144766538
"to.dream","tagenap","to.dream::tagenap",0.00769994194732869
"mouth","bibî","mouth::bibî",0.00767842070614795
"hand","alíma","hand::alíma",0.00767027544273158
"to.hold","kapót","to.hold::kapót",0.00765365873485469
"needle","chakum","needle::chakum",0.00765020646798998
"fish","isdaʔ","fish::isdaʔ",0.00764317659470076
"leaf","daʔun","leaf::daʔun",-0.00761264839800319
"hair","bohok","hair::bohok",0.00760359396978038
"to.hear","batiʔ","to.hear::batiʔ",0.00758710104649643
"to.see","ita","to.see::ita",0.00758642019193595
"leaf","ʔadon","leaf::ʔadon",0.00758335568432188
"hand","ʔalima","hand::ʔalima",0.00757646307680624
"big","dakɨl","big::dakɨl",-0.00756844352697809
"breast","'susu","breast::'susu",0.00756251042374789
"rope","lubid","rope::lubid",0.00755184241954897
"heavy","mabɨgat","heavy::mabɨgat",-0.00753354658163902
"to.eat","kaon","to.eat::kaon",0.00752974935656241
"to.stand","tindɨg","to.stand::tindɨg",0.00752313337357801
"to.stab..pierce","buno","to.stab..pierce::buno",0.00751339576538604
"thin","maimpís","thin::maimpís",0.00750680814535592
"tongue","dilà","tongue::dilà",0.0075010442519727
"breast","dughan","breast::dughan",0.00749704089165715
"One.Thousand","sanlibo","One.Thousand::sanlibo",-0.00747825102679304
"snake","halas","snake::halas",0.00746146162705233
"dog","ʔatu","dog::ʔatu",0.00743961177510034
"bone","butól","bone::butól",0.00742026234637101
"to.walk","lakaw","to.walk::lakaw",0.0074165811855324
"white","puti","white::puti",-0.00740359182722415
"rotten","bulok","rotten::bulok",0.00736680874295087
"to.scratch","kalot","to.scratch::kalot",0.0073605746200853
"Two","darwá","Two::darwá",0.00733804138766531
"head","ulu","head::ulu",0.00733208455585408
"to.squeeze","puga-on","to.squeeze::puga-on",0.00727324013251556
"dust","'tapok","dust::'tapok",0.00726741683200786
"sea","lawod","sea::lawod",0.00722689153906553
"eye","moto","eye::moto",-0.00722649171800801
"leg.foot","ti-il","leg.foot::ti-il",0.0072133313153634
"leaf","dawun","leaf::dawun",0.00721141226474582
"at","di","at::di",-0.00719439424557589
"root","dalig","root::dalig",-0.00718672088376268
"to.suck","sepsep","to.suck::sepsep",-0.00718074935409046
"to.hunt","paŋayám","to.hunt::paŋayám",0.0071715819591366
"white","maputiʔ","white::maputiʔ",-0.00715584463122316
"woods.forest","talun","woods.forest::talun",0.00715365599123276
"tongue","dilâ","tongue::dilâ",0.00715032532117175
"worm..earthworm.","ʔulɨd","worm..earthworm.::ʔulɨd",-0.00714580348133582
"to.flow","bulus","to.flow::bulus",0.00714296731681162
"white","putíʔ","white::putíʔ",0.00711050524373728
"you","ikaw","you::ikaw",0.00709777374249094
"Two","duha","Two::duha",0.00705915259289163
"mouth","simuʔ","mouth::simuʔ",0.00705330565408173
"if.","mo","if.::mo",0.00699746545650344
"egg","ʔitlug","egg::ʔitlug",0.00698424044483321
"to.hear","pamati","to.hear::pamati",0.00698288721561653
"at","ta","at::ta",0.006979280989824
"to.swim","maglangoy","to.swim::maglangoy",0.00697353606938069
"shy..ashamed","huya","shy..ashamed::huya",0.00694417908722793
"to.breathe","ginawa","to.breathe::ginawa",-0.00693627735657765
"to.fall","hulog","to.fall::hulog",0.0069003495193463
"stone","batuʔ","stone::batuʔ",0.00688854778627925
"tail","íkug","tail::íkug",0.00686154436018448
"to.count","mabilang","to.count::mabilang",0.00685694980637393
"bone","tuʔlang","bone::tuʔlang",0.00684501789301256
"mosquito","lamók","mosquito::lamók",0.00684405612373681
"other","iba","other::iba",0.00682115929895175
"louse","'kutu","louse::'kutu",0.00680458022779926
"neck","liʔɨg","neck::liʔɨg",-0.00679347417437584
"yellow","darag","yellow::darag",0.00679319756914968
"nose","urong","nose::urong",0.00675767338508436
"to.breathe","hinawa","to.breathe::hinawa",-0.00674074643321277
"blood","dogo","blood::dogo",0.00673293969238464
"feather","lawi","feather::lawi",-0.0067235930112997
"I","ak","I::ak",0.00671338064459015
"spider","lawà","spider::lawà",0.00671010790273888
"rain","ulan","rain::ulan",0.00664540183642572
"tail","ikug","tail::ikug",0.00663862971758442
"Seven","pitú","Seven::pitú",0.00663408072043319
"to.breathe","ginhawa","to.breathe::ginhawa",0.00662545862297578
"shoulder","abága","shoulder::abága",0.00659440875618486
"right","tuʔó","right::tuʔó",0.00658890662739375
"to.stab..pierce","saksak","to.stab..pierce::saksak",-0.00658822790918343
"warm","mapasuʔ","warm::mapasuʔ",-0.00658677963435821
"to.steal","kawat","to.steal::kawat",0.00658587599805542
"tooth","ngipun","tooth::ngipun",0.0065679837386175
"neck","liog","neck::liog",0.00655235741433006
"to.live..be.alive","buhay","to.live..be.alive::buhay",0.00654984473188564
"to.buy","bakal","to.buy::bakal",0.00654325004591777
"all","amin","all::amin",0.00653183252289934
"tooth","ŋipen","tooth::ŋipen",-0.00652589149773775
"to.laugh","ʔɨngit","to.laugh::ʔɨngit",-0.00651635153096622
"Ten","sampuluʔ","Ten::sampuluʔ",-0.00650305659746333
"fat.grease","taviʔ","fat.grease::taviʔ",-0.00649501524519822
"Two","darwa","Two::darwa",0.00649188380666462
"Six","ʔɨnɨm","Six::ʔɨnɨm",-0.00649023971950046
"spider","lawa'","spider::lawa'",0.00648615163671873
"feather","bulbol","feather::bulbol",0.00647572216347115
"Two","dua","Two::dua",0.00645774149307376
"belly","eges","belly::eges",-0.00642651890337336
"to.work","magtrabáho","to.work::magtrabáho",0.00641078328144201
"flower","rosas","flower::rosas",-0.00640695985557888
"Three","tulo","Three::tulo",-0.00640415393982235
"correct..true","matuod","correct..true::matuod",0.00639921698092691
"to.squeeze","magpugâ","to.squeeze::magpugâ",0.00639886321380743
"star","bito-on","star::bito-on",0.00639765450351863
"back","awak","back::awak",0.00635938897193791
"to.walk","maglakad","to.walk::maglakad",0.00634569777329087
"to.sniff..smell","amoy","to.sniff..smell::amoy",0.0063324200404086
"to.squeeze","puga","to.squeeze::puga",0.00632359792993504
"to.fear","takut","to.fear::takut",0.00631290735508484
"leg.foot","bitis","leg.foot::bitis",0.00628948681726029
"sea","dagát","sea::dagát",0.00628131880609873
"mouth","bibig","mouth::bibig",0.00624150506733538
"you","kamo","you::kamo",-0.00622964775742191
"to.tie.up..fasten","higti","to.tie.up..fasten::higti",0.00622957800010815
"Four","a'pat","Four::a'pat",-0.0062221816228772
"hand","taklay","hand::taklay",0.00619204520170917
"to.suck","súpsup","to.suck::súpsup",0.00619027000517826
"right","toʔo","right::toʔo",0.00618999537518778
"when.","pigan","when.::pigan",0.00617599821770384
"other","laʔin","other::laʔin",-0.0061727893679749
"leg.foot","saka","leg.foot::saka",0.00616378537640029
"woman.female","babáy","woman.female::babáy",0.00615141739095218
"no..not","indi","no..not::indi",0.00614891569057551
"One.Thousand","libo","One.Thousand::libo",0.00612935664278102
"skin","kulít","skin::kulít",0.0061097062453067
"to.swim","malangoy","to.swim::malangoy",0.00609979717079343
"to.fall","huyog","to.fall::huyog",0.0060846727075015
"father","maʔ","father::maʔ",-0.00607467439940877
"skin","kindal","skin::kindal",-0.00605625238844397
"to.laugh","kadlaw","to.laugh::kadlaw",0.00603988835364128
"blood","dugó'","blood::dugó'",0.00603134300427329
"right","tuo","right::tuo",0.00598917239174491
"thou","ʔikáw","thou::ʔikáw",0.00598008359672226
"to.throw","tudaʔ","to.throw::tudaʔ",-0.00597941744887747
"nose","igung","nose::igung",0.00597664687795083
"nose","ʔurung","nose::ʔurung",0.00594591780319969
"thatch.roof","atup","thatch.roof::atup",0.00593205822461953
"heavy","mabug-at","heavy::mabug-at",0.00592926357459276
"painful..sick","takit","painful..sick::takit",0.00588743629385346
"rain","ʔudan","rain::ʔudan",0.00587765634209493
"needle","dagom","needle::dagom",0.00586992945752004
"husband","asáwa","husband::asáwa",0.00583982695505911
"to.vomit","soka","to.vomit::soka",-0.00583748137606592
"louse","kutu","louse::kutu",-0.00581005272808415
"Eight","waru","Eight::waru",0.00574624239824683
"One.Thousand","sanribo","One.Thousand::sanribo",-0.0057379899339934
"thou","kaw","thou::kaw",0.00572753339985994
"bone","tul-ang","bone::tul-ang",0.00570546281545117
"nose","ʔidong","nose::ʔidong",-0.00570335716813125
"day","ʔádlaw","day::ʔádlaw",0.00569880668378951
"Nine","siyow","Nine::siyow",-0.00569263734425471
"fruit","bunga","fruit::bunga",0.00568967639257471
"tooth","ngípon","tooth::ngípon",0.00568608442782005
"narrow","makítid","narrow::makítid",0.00566164852117045
"shoulder","ʔabaga","shoulder::ʔabaga",0.00565645202305776
"to.come","pumunta","to.come::pumunta",0.00565562308590819
"earth.soil","duta","earth.soil::duta",0.00564555399829902
"hand","sigal","hand::sigal",-0.00564135231397019
"mosquito","namuk","mosquito::namuk",0.00563451762819632
"Three","telo","Three::telo",-0.00563010289031115
"breast","dibdib","breast::dibdib",0.00555954455532875
"water","ig","water::ig",-0.00555942651511568
"liver","atey","liver::atey",-0.0055411417245535
"no..not","di","no..not::di",-0.00553609211020801
"road.path","dálan","road.path::dálan",0.00552919422154212
"black","itum","black::itum",0.00550792111809024
"we","sikami","we::sikami",-0.00548200439977074
"Nine","sasiam","Nine::sasiam",-0.00547684151903985
"sharp","tarem","sharp::tarem",-0.00546846806036064
"big","dakál","big::dakál",0.00546532787828297
"to.eat","koman","to.eat::koman",-0.00545242107635532
"thou","mo","thou::mo",0.00544571514963327
"to.vomit","mota","to.vomit::mota",-0.00544044519194366
"wide","mahiwas","wide::mahiwas",0.00542275036361356
"neck","liʔog","neck::liʔog",0.00541390118826336
"tongue","dilaq","tongue::dilaq",-0.00540617165157063
"intestines","tináʔi","intestines::tináʔi",0.00539740826497942
"hair","buk","hair::buk",0.00539391913765402
"sharp","matarɨm","sharp::matarɨm",0.00537863379318372
"how.","pira","how.::pira",-0.00536983282146282
"louse","kútu","louse::kútu",0.00536464276278284
"to.hunt","pangayám","to.hunt::pangayám",0.00536057148503514
"lake","ranaw","lake::ranaw",-0.00531091470103932
"mother","ʔinaʔ","mother::ʔinaʔ",0.00530115493104114
"One.Thousand","maribu","One.Thousand::maribu",0.00530024817008619
"man.male","lala:ki","man.male::lala:ki",0.00529283235333224
"no..not","beken","no..not::beken",-0.00528758029613165
"night","labi","night::labi",0.00528384883027522
"to.scratch","karut","to.scratch::karut",-0.0052800384484998
"fat.grease","mantika","fat.grease::mantika",0.00527176884553531
"above","ibabaw","above::ibabaw",0.00522993197540392
"intestines","tinae","intestines::tinae",0.00521186002838317
"wife","asáwa","wife::asáwa",-0.00520284382974145
"lake","linaw","lake::linaw",-0.00520118537156029
"earth.soil","lupaʔ","earth.soil::lupaʔ",-0.0051731810397656
"fish","sɨdaʔ","fish::sɨdaʔ",0.00517177816974156
"they","sanda","they::sanda",0.00517088183856828
"leaf","daon","leaf::daon",0.00516653538661482
"meat.flesh","karni","meat.flesh::karni",0.00514769421438274
"far","addawi","far::addawi",0.00514440030789451
"to.work","ʔimoʔ","to.work::ʔimoʔ",-0.0051398359484914
"head","ulo","head::ulo",0.00513229451054407
"old","lakay","old::lakay",0.00508712660026938
"to.think","magísip","to.think::magísip",0.00507762451936135
"fire","gapuy","fire::gapuy",0.00506601189205826
"to.know..be.knowledgeable","kilala","to.know..be.knowledgeable::kilala",-0.00506222608594308
"to.drink","ʔinɨm","to.drink::ʔinɨm",-0.0050166962015387
"wife","sawa","wife::sawa",0.00500921941624882
"Fifty","limapolo","Fifty::limapolo",0.00500226227450892
"Three","tɨlu","Three::tɨlu",-0.00500046780371515
"breast","titi","breast::titi",0.00496191250515126
"warm","init","warm::init",-0.00495466397095818
"flower","bulok","flower::bulok",-0.00495200000362954
"fog","hamog","fog::hamog",0.00492764012573923
"to.bite","kalat","to.bite::kalat",0.00489975469977086
"leaf","dahun","leaf::dahun",-0.00487440619766302
"hand","bɨktɨn","hand::bɨktɨn",-0.00487377903355231
"blood","rogoq","blood::rogoq",0.00484705746982638
"Five","'lima","Five::'lima",-0.00483641650750883
"cloud","paŋánod","cloud::paŋánod",0.00481787944016039
"husband","ʔasawa","husband::ʔasawa",-0.00481195049443756
"star","blɔtik","star::blɔtik",-0.00480545802281372
"dirty","madumi","dirty::madumi",0.00479491206752374
"to.buy","bayad","to.buy::bayad",-0.00479066082467838
"feather","bolbol","feather::bolbol",0.00478205238609662
"breast","duduʔ","breast::duduʔ",0.00477023172913028
"short","ʔababaʔ","short::ʔababaʔ",0.00476575881090498
"bird","manukmanuk","bird::manukmanuk",-0.00475466847853825
"thin","manipis","thin::manipis",0.00473976661722869
"thick","madamɨl","thick::madamɨl",0.00473012066517611
"sharp","matarom","sharp::matarom",0.00472050648056466
"right","wanán","right::wanán",0.0047196529413018
"leg.foot","bisit","leg.foot::bisit",0.00470538320121694
"to.fly","lupad","to.fly::lupad",0.00468940861489692
"to.choose","pilí","to.choose::pilí",0.00468281616135753
"stick.wood","kayo","stick.wood::kayo",-0.00467725114478235
"louse","ku:tu","louse::ku:tu",0.00467693602903721
"to.turn","giling","to.turn::giling",-0.00466676858060972
"to.plant","tanom","to.plant::tanom",0.00466059766341251
"to.suck","sopsop","to.suck::sopsop",0.00465502712890358
"warm","minit","warm::minit",-0.0046457930832728
"to.drink","uminóm","to.drink::uminóm",0.0046439305494455
"big","dakʌl","big::dakʌl",0.00460051648491215
"name","ngalan","name::ngalan",-0.00459857872015226
"root","ramut","root::ramut",0.00458015913983568
"ear","layag","ear::layag",-0.00457183137150836
"wife","ʔasawa","wife::ʔasawa",-0.00454226876666903
"to.eat","mangan","to.eat::mangan",0.00453678415751522
"to.steal","ta:kaw","to.steal::ta:kaw",-0.00452774884849079
"rat","ʔungeh","rat::ʔungeh",-0.00451867791819097
"to.stand","magtindog","to.stand::magtindog",0.00451845963002692
"to.yawn","mowab","to.yawn::mowab",0.00450985642840635
"liver","ʔatáy","liver::ʔatáy",0.00450730832137518
"to.vomit","ʔutaʔ","to.vomit::ʔutaʔ",-0.004472396039506
"earth.soil","luta","earth.soil::luta",-0.00446630614812462
"to.eat","kuman","to.eat::kuman",0.00442875688297285
"shoulder","balikat","shoulder::balikat",0.00441871671891331
"grass","ruot","grass::ruot",0.00441072789240475
"breast","dudo","breast::dudo",0.00438643108124112
"you","kayo","you::kayo",0.00437442397841909
"to.burn","sonog","to.burn::sonog",0.00435310253031324
"to.drink","inóm","to.drink::inóm",0.00434285351331017
"eye","matah","eye::matah",-0.00433239065493205
"day","ʔaldaw","day::ʔaldaw",0.00432597163733909
"mother","nánay","mother::nánay",0.00432531831649943
"old","daan","old::daan",-0.00432171751413236
"to.throw","timbag","to.throw::timbag",-0.0043053224636812
"thin","nipís","thin::nipís",0.00428865179758748
"how.","piga","how.::piga",0.00427578663546518
"mouth","babaʔ","mouth::babaʔ",0.0042744572396646
"year","tuʔig","year::tuʔig",-0.00426573983876084
"mother","inay","mother::inay",0.00424994996122271
"intestines","tinaʔi","intestines::tinaʔi",0.00424285342846515
"Ten","sapuluʔ","Ten::sapuluʔ",-0.00424027434677729
"back","beneg","back::beneg",-0.00422379527051656
"to.turn","liko","to.turn::liko",-0.00417768444914148
"breast","kagpa","breast::kagpa",-0.00416950279437794
"Twenty","du'wam 'pulu","Twenty::du'wam 'pulu",0.00415890127525539
"spider","damáng","spider::damáng",0.00415261004971334
"person.human.being","tuʔu","person.human.being::tuʔu",0.00414808971024893
"Two","duhá","Two::duhá",0.00410391550911281
"mouth","baba","mouth::baba",0.00409432252349763
"to.swim","'languy","to.swim::'languy",-0.00409371770977995
"to.sew","tahi","to.sew::tahi",0.00406648306666454
"to.pound..beat","báyu","to.pound..beat::báyu",0.00405450607169764
"ash","ʔabuh","ash::ʔabuh",-0.00404561055030929
"in..inside","sa","in..inside::sa",0.00402861195061081
"to.fly","layug","to.fly::layug",0.0040259067494512
"fat.grease","taba","fat.grease::taba",0.00400272166100485
"ear","talíŋa","ear::talíŋa",0.00398570970503167
"bird","titit","bird::titit",0.00397327458484706
"leg.foot","ʔaʔay","leg.foot::ʔaʔay",0.00397317170069662
"star","bituen","star::bituen",-0.00395283953740956
"to.think","mag-isip","to.think::mag-isip",0.00395053015108923
"to.sniff..smell","simhot","to.sniff..smell::simhot",0.00392658357732373
"to.swim","languy","to.swim::languy",-0.00391894921581027
"father","ʔamaʔ","father::ʔamaʔ",0.00390404925973248
"fat.grease","sebo","fat.grease::sebo",0.00389062133393708
"to.laugh","katawa","to.laugh::katawa",0.00388700095240336
"to.shoot","timbak","to.shoot::timbak",-0.00387089836003649
"wing","panid","wing::panid",-0.00384756395512883
"yellow","makalawag","yellow::makalawag",-0.00383872790616601
"to.eat","kaʔɨn","to.eat::kaʔɨn",0.00383025453271024
"flower","bolak","flower::bolak",-0.00378778015116256
"fire","ʔapoy","fire::ʔapoy",-0.00378049273026021
"fish","sira","fish::sira",-0.00377884640063695
"to.vomit","úta","to.vomit::úta",0.00377806777797511
"louse","kutuʔ","louse::kutuʔ",-0.00377282337774147
"if.","ʔaw","if.::ʔaw",-0.00375690389862304
"One","ʔisa","One::ʔisa",0.00373628580531729
"we","ita","we::ita",0.00372819632941125
"big","daku","big::daku",0.00370278281818214
"lightning","linti","lightning::linti",0.00369998816815537
"hand","'lima","hand::'lima",0.00368509382574256
"ash","abo'","ash::abo'",0.00364945311495391
"to.dream","damgo","to.dream::damgo",0.00364287400103
"bone","tula:ng","bone::tula:ng",0.00363148642583252
"thin","mɨpis","thin::mɨpis",-0.00361458706278749
"dust","ʔabog","dust::ʔabog",0.00360329137610963
"belly","buyón","belly::buyón",0.00360201818052431
"belly","tinaʔi","belly::tinaʔi",0.00358679845282568
"mosquito","hilam","mosquito::hilam",-0.00356498104757905
"to.say","súlti","to.say::súlti",-0.00354974322574187
"ash","ʔabu","ash::ʔabu",-0.00352636954528838
"neck","liyɨg","neck::liyɨg",-0.00351351014218793
"tooth","ngipʌn","tooth::ngipʌn",0.00350522534999621
"left","holi","left::holi",-0.0035015337700673
"to.see","kita","to.see::kita",-0.0034631511112517
"liver","'ʔatɨy","liver::'ʔatɨy",0.003425922352858
"to.split","sipak","to.split::sipak",-0.00338017833080017
"dust","ʔapuk","dust::ʔapuk",0.00336985177381173
"Four","pat","Four::pat",-0.00336526081537336
"to.buy","gatangen","to.buy::gatangen",0.00334182081508921
"to.steal","takew","to.steal::takew",-0.00333841809169671
"to.turn","tɨyɨb","to.turn::tɨyɨb",0.00333301499386745
"fat.grease","tabaʔ","fat.grease::tabaʔ",0.0033223649187862
"to.kill","patayan","to.kill::patayan",0.00328872696282503
"Eight","wala","Eight::wala",0.00328474345428692
"to.cut..hack","utod","to.cut..hack::utod",0.00326629419823952
"to.work","hinang","to.work::hinang",-0.00326557904136577
"dog","'ʔiduʔ","dog::'ʔiduʔ",0.00326512423873879
"salt","ʔasin","salt::ʔasin",-0.00325399144686623
"bone","tolan","bone::tolan",0.00324802175642768
"snake","sawá","snake::sawá",0.00319829883756182
"rope","pisiʔ","rope::pisiʔ",-0.00316140559685713
"day","araw","day::araw",0.003150071617981
"to.live..be.alive","mabuhi","to.live..be.alive::mabuhi",0.00314724359140171
"name","ngan","name::ngan",0.00313847455827223
"to.drink","ʔinum","to.drink::ʔinum",-0.00313734322016258
"to.come","ʔabút","to.come::ʔabút",0.00311020265006651
"green","birdi","green::birdi",0.00309426842092306
"moon","búlan","moon::búlan",0.00309208748542618
"woods.forest","kagulangan","woods.forest::kagulangan",0.00308612037383745
"thatch.roof","bubong","thatch.roof::bubong",0.00307494452209231
"fruit","buŋá","fruit::buŋá",0.00305845159880836
"to.kill","patay","to.kill::patay",0.00303113546862436
"smoke","úsok","smoke::úsok",0.00302161481886409
"to.cut..hack","tigbas","to.cut..hack::tigbas",0.00300615185610478
"mouth","baʔbaʔ","mouth::baʔbaʔ",0.00300145888535651
"to.vomit","ʔota","to.vomit::ʔota",0.00299954311753218
"they","siran","they::siran",-0.00299644718182488
"eye","mataʔ","eye::mataʔ",0.00298824878239584
"to.steal","magtakaw","to.steal::magtakaw",0.00297135124498526
"left","bibang","left::bibang",-0.00297089632533302
"snake","ulay","snake::ulay",-0.00296226804961567
"fish","isdá'","fish::isdá'",-0.00293435983013248
"Four","ʔɨpat","Four::ʔɨpat",0.00293215704810747
"tongue","dela","tongue::dela",0.0029281017266157
"white","putí","white::putí",0.00290708795853122
"cloud","panganud","cloud::panganud",0.00286343931465585
"all","ʔɨmin","all::ʔɨmin",0.00285579920831062
"black","maʔitɨm","black::maʔitɨm",0.0028457477571565
"Eight","wálu","Eight::wálu",0.00282887012095902
"hair","bok","hair::bok",0.00279855004765429
"to.kill","ʔimatay","to.kill::ʔimatay",-0.00277239712306928
"road.path","dalán","road.path::dalán",0.00275737456267305
"old","daʔan","old::daʔan",-0.00271946034086187
"head","toktok","head::toktok",0.00269703106691407
"mosquito","tagnɨk","mosquito::tagnɨk",-0.0026840862520353
"bone","tulan","bone::tulan",-0.00265128623133515
"right","kánan","right::kánan",-0.00263328279399716
"to.scratch","katal","to.scratch::katal",-0.00262576221243268
"Five","li'ma","Five::li'ma",0.0026101979360248
"person.human.being","táwo","person.human.being::táwo",0.0025941061625141
"to.plant","magtanom","to.plant::magtanom",0.00257289379988327
"house","baloy","house::baloy",-0.00255372938696212
"to.live..be.alive","buhíʔ","to.live..be.alive::buhíʔ",0.00252752731832368
"neck","liug","neck::liug",0.00251298498273113
"to.fear","talaw","to.fear::talaw",0.00250617584398657
"to.vomit","sumuka","to.vomit::sumuka",0.00250058997350347
"to.turn","liso","to.turn::liso",0.00247340235781075
"moon","bulan","moon::bulan",0.00243955835326734
"left","kannigid","left::kannigid",0.00243945409753298
"they","silá","they::silá",0.00241784605859002
"shy..ashamed","sipog","shy..ashamed::sipog",0.00240915782529
"One.Hundred","gatos","One.Hundred::gatos",0.00236113553941294
"fruit","prutas","fruit::prutas",0.00235194266373647
"Eight","walo'","Eight::walo'",-0.00235059190378121
"woman.female","bahi","woman.female::bahi",-0.00234572878501235
"to.sew","dait","to.sew::dait",-0.00234503090442033
"child","ʔanak","child::ʔanak",0.00234139896224427
"to.dream","tagaynɨp","to.dream::tagaynɨp",-0.00229771300416435
"long","mahabaʔ","long::mahabaʔ",0.00228730199286486
"fire","ʔap̄uy","fire::ʔap̄uy",0.00223515563328098
"sea","taaw","sea::taaw",-0.00220117685476676
"shoulder","baga","shoulder::baga",0.00219416569974233
"rain","ʔoran","rain::ʔoran",0.0021736457975117
"louse","kúto","louse::kúto",0.00217298201082791
"to.cook","sugba","to.cook::sugba",-0.0021356900230669
"thou","sikaw","thou::sikaw",0.00212549789660191
"tongue","dilak","tongue::dilak",0.00208599314709079
"Two","doha","Two::doha",0.00207274969229042
"to.pound..beat","lɨbɨk","to.pound..beat::lɨbɨk",0.00205316064694814
"tooth","nipin","tooth::nipin",0.00204561879931628
"to.scratch","katɨl","to.scratch::katɨl",0.00203711366294281
"to.bite","kumagat","to.bite::kumagat",-0.00201786965652344
"earth.soil","daga","earth.soil::daga",0.00201556027020312
"to.hear","dɨngɨg","to.hear::dɨngɨg",-0.00200193284123636
"to.fall","ʔulug","to.fall::ʔulug",-0.00199893816206179
"yellow","duyaw","yellow::duyaw",0.00197462024911344
"Six","anem","Six::anem",0.00196306843255675
"to.sleep","túlug","to.sleep::túlug",-0.00194719328132797
"long","mahaba","long::mahaba",0.00194505550379345
"Five","dima","Five::dima",-0.00194359988538566
"skin","pánit","skin::pánit",0.00192333464327596
"to.cook","magluto","to.cook::magluto",0.00187356220069444
"flower","sabong","flower::sabong",-0.00184760482207338
"person.human.being","tao","person.human.being::tao",-0.00183010221966028
"blood","duguʔ","blood::duguʔ",-0.00181654790522793
"stick.wood","káhoy","stick.wood::káhoy",0.0018136533835423
"to.spit","ʔɨlɨb","to.spit::ʔɨlɨb",0.00181199083110114
"far","layo","far::layo",-0.00179325837410105
"to.chew","mama","to.chew::mama",0.00178719357105441
"bird","manuk","bird::manuk",0.00176218677347483
"Six","enem","Six::enem",0.00175045258160479
"to.swim","lumangoy","to.swim::lumangoy",0.00173506036558755
"dull..blunt","hábul","dull..blunt::hábul",0.0017336449968091
"to.plant","luak","to.plant::luak",-0.00170646948152007
"wife","sáwa","wife::sáwa",-0.00170602468777386
"to.bite","kaǥat","to.bite::kaǥat",-0.0017031579991338
"painful..sick","sakit","painful..sick::sakit",-0.00169854493114623
"to.bite","banga","to.bite::banga",0.00169730817088635
"to.tie.up..fasten","ʔɨkɨt","to.tie.up..fasten::ʔɨkɨt",0.0016667873990772
"cloud","gabon","cloud::gabon",0.00165240406982161
"branch","saŋa","branch::saŋa",-0.00164916480123096
"sand","buhangin","sand::buhangin",0.00164565349758015
"to.cut..hack","tadtad","to.cut..hack::tadtad",0.00164529894349438
"to.buy","bili","to.buy::bili",-0.00163630147745474
"to.buy","palit","to.buy::palit",-0.00163254220136504
"year","rahun","year::rahun",0.00162421579795427
"old","dadan","old::dadan",0.00161399760298056
"road.path","daan","road.path::daan",-0.00160423311386606
"to.blow","ʔɨyɨp","to.blow::ʔɨyɨp",0.0015950441520872
"day","aldaw","day::aldaw",-0.00159265568759645
"near","rani","near::rani",-0.00159241956950395
"to.die..be.dead","patáy","to.die..be.dead::patáy",0.00158567632346129
"to.tie.up..fasten","ʔiket","to.tie.up..fasten::ʔiket",0.00155577428902487
"to.buy","bilí","to.buy::bilí",-0.00153725793008326
"to.vomit","uta","to.vomit::uta",-0.00147334350229744
"meat.flesh","usa","meat.flesh::usa",-0.00144143805142571
"to.walk","kadang","to.walk::kadang",0.00143833905720356
"husband","banah","husband::banah",-0.00142929102451215
"flower","burak","flower::burak",0.0014108340939543
"tooth","ngipen","tooth::ngipen",-0.00136385308387895
"good","piya","good::piya",0.00135224932315477
"to.dream","magdámgo","to.dream::magdámgo",0.00133931064146684
"rope","lúbid","rope::lúbid",0.00132096188519433
"to.die..be.dead","matay","to.die..be.dead::matay",0.00129934644910683
"to.see","kitaʔ","to.see::kitaʔ",-0.0012967706901635
"sea","da:gat","sea::da:gat",-0.00129242205230412
"to.think","isip","to.think::isip",0.00129119904728816
"back","bɨnɨg","back::bɨnɨg",0.00126019653392767
"ash","dapul","ash::dapul",0.00123742981963603
"woods.forest","kalasan","woods.forest::kalasan",0.00118267883373602
"to.vomit","ota","to.vomit::ota",0.00116677109171854
"black","itúm","black::itúm",-0.00116672427816745
"to.say","ʔikagi","to.say::ʔikagi",-0.00115391269284043
"person.human.being","taw","person.human.being::taw",0.0011463822842948
"to.breathe","anges","to.breathe::anges",0.00113909718223242
"husband","sawa","husband::sawa",-0.00113400348045846
"to.buy","palít","to.buy::palít",0.00111582875837593
"to.throw","bakal","to.throw::bakal",-0.00110314955463519
"spider","lawaʔ","spider::lawaʔ",0.00109770366509537
"to.eat","kaan","to.eat::kaan",-0.00109061155030014
"woods.forest","kagurangan","woods.forest::kagurangan",0.0010625735681973
"star","bituʔun","star::bituʔun",-0.00105694562516643
"to.breathe","gináwa","to.breathe::gináwa",-0.00101993517510467
"dry","bilad","dry::bilad",0.00101940372089279
"red","mapulaʔ","red::mapulaʔ",-0.000981021877300763
"to.die..be.dead","matey","to.die..be.dead::matey",-0.000966137533103756
"Four","epat","Four::epat",-0.000962625469314599
"stick.wood","'kayu","stick.wood::'kayu",-0.000958999909503491
"to.pound..beat","lebek","to.pound..beat::lebek",-0.000946578485309274
"to.shoot","panaʔ","to.shoot::panaʔ",-0.000932130190419741
"all","lahat","all::lahat",0.000928447744267035
"worm..earthworm.","watí","worm..earthworm.::watí",0.000905616671550987
"to.hunt","ʔanup","to.hunt::ʔanup",0.000886220898702858
"rope","lobid","rope::lobid",0.000876185206044837
"to.shoot","pintik","to.shoot::pintik",0.000812626044965382
"hair","book","hair::book",0.000785525149539043
"to.fly","layog","to.fly::layog",0.000781749792425862
"fish","ʔisdaʔ","fish::ʔisdaʔ",-0.000764075198286809
"dry","tahay","dry::tahay",0.000760401757004862
"you","kamu","you::kamu",-0.000731516952392325
"no..not","ʔindiʔ","no..not::ʔindiʔ",0.000716513602156897
"feather","bubul","feather::bubul",-0.00069706052308621
"big","dakulaʔ","big::dakulaʔ",-0.000693596879913103
"moon","buan","moon::buan",-0.000677442425343561
"to.swim","molangóy","to.swim::molangóy",-0.000663369355802187
"to.dig","kutkot","to.dig::kutkot",-0.000657909894179944
"and","daw","and::daw",-0.000646648623330881
"right","wanan","right::wanan",-0.000629687577751361
"to.fly","maglupad","to.fly::maglupad",0.000576183622783633
"narrow","mapiyɨt","narrow::mapiyɨt",-0.000559742162384103
"thou","sika","thou::sika",0.000526815287895616
"woods.forest","gulangan","woods.forest::gulangan",-0.000514394131760961
"belly","tian","belly::tian",0.000513109518058809
"fat.grease","tava","fat.grease::tava",0.00050376935559479
"sharp","matalas","sharp::matalas",0.000500283346026872
"sharp","mahaʔit","sharp::mahaʔit",0.000476692180711121
"tooth","ngípen","tooth::ngípen",-0.000474973068803646
"when.","kanu","when.::kanu",0.000468339161318431
"to.bite","kagat","to.bite::kagat",-0.000457595407422952
"green","lunhaw","green::lunhaw",0.000436017032336338
"Two","dowa","Two::dowa",-0.000435655782505456
"leg.foot","paa","leg.foot::paa",-0.000415622022895091
"rain","ʔuran","rain::ʔuran",0.000410627026591423
"Two","duá","Two::duá",-0.000400302873711694
"to.fall","dagdag","to.fall::dagdag",0.00039238256156284
"to.walk","lákaw","to.walk::lákaw",0.000391763384843082
"near","duol","near::duol",-0.000379659779508447
"to.cry","sugaw","to.cry::sugaw",-0.000377701950415869
"eye","máta","eye::máta",0.000377170496203995
"tongue","díla'","tongue::díla'",0.000376445391412042
"to.say","ibaga","to.say::ibaga",0.000368047146499052
"woman.female","bayi","woman.female::bayi",-0.000358889847174052
"head","ʔolo","head::ʔolo",0.000352799936642468
"left","kaliwâ","left::kaliwâ",0.000342314193289658
"white","puraw","white::puraw",0.00034227237090861
"house","baley","house::baley",0.000340797492326439
"thou","ke","thou::ke",0.000321087009647611
"below","sirib","below::sirib",0.000293956116673472
"star","bitún","star::bitún",-0.000285991938834531
"dirty","maripaʔ","dirty::maripaʔ",0.000269681727768528
"louse","toma","louse::toma",0.000262139880136676
"thunder","daugdug","thunder::daugdug",0.000259745501697171
"to.sleep","torog","to.sleep::torog",0.000238805475229005
"to.swim","kapay","to.swim::kapay",-0.000221130881089953
"to.work","mag-uma","to.work::mag-uma",0.000212216273194739
"to.burn","sunug","to.burn::sunug",0.000211165141756177
"sea","láud","sea::láud",0.000188570652152627
"hand","kamút","hand::kamút",0.000152307456042591
"flower","burák","flower::burák",-0.000112506383982695
"house","bahay","house::bahay",8.7365058812738e-05
"wide","malakbang","wide::malakbang",8.26687733325851e-05
"meat.flesh","carne","meat.flesh::carne",-7.60635824548104e-05
"wife","ʔasáwa","wife::ʔasáwa",-7.56696040384133e-05
"shoulder","ʔaba:ga","shoulder::ʔaba:ga",6.18221217336847e-05
"to.hit","sumbag","to.hit::sumbag",-5.91766807544663e-05
"to.vomit","sukaʔ","to.vomit::sukaʔ",5.27350487545776e-05
"hair","buhuk","hair::buhuk",-5.16546733061948e-05
"to.work","buwát","to.work::buwát",4.12371571543429e-05
