treemix_name,language,iso6393,Language_type
Atayal,Atayal,tay,Austronesian
Sedeq,Sedeq,trv,Austronesian
Rukai,Rukai,dru,Austronesian
Tsou,Tsou,tsu,Austronesian
Kanakanabu,Kanakanabu,xnb,Austronesian
Saaroa,Saaroa,sxr,Austronesian
Bunun,Bunun,bnn,Austronesian
Paiwan,Paiwan,pwn,Austronesian
Puyuma,Puyuma,pyu,Austronesian
Saisiyat,Saisiyat,xsy,Austronesian
Ami,Ami,ami,Austronesian
Pazeh,Pazeh,uun,Austronesian
Thao,Thao,ssf,Austronesian
Chamorro,Chamorro,cha,Austronesian
Palauan,Palauan,pau,Austronesian
Yapese,Yapese,yap,Austronesian
Isnag,Isnag,isd,Philippine Language
Yogad,Yogad,yog,Philippine Language
Agta,Agta,due,Philippine Language
Gaddang,Gaddang,gad,Philippine Language
Ga-dang,Ga-dang,gdg,Philippine Language
Ibanag,Ibanag,ibg,Philippine Language
Atta,Atta,att,Philippine Language
Umiray_Dumaget,Umiray Dumaget,due,Philippine Language
Casiguran_Dumagat,Casiguran Dumagat,dgc,Philippine Language
Ilokano,Ilokano,ilo,Philippine Language
Itneg,Itneg,itt,Philippine Language
North_Kalinga,North Kalinga,kmk,Philippine Language
Central_Kalinga,Central Kalinga,knb,Philippine Language
South_Kalinga,South Kalinga,ksc,Philippine Language
Balangaw,Balangaw,blw,Philippine Language
Central_Ifugao,Central Ifugao,ifa,Philippine Language
East_Ifugao,East Ifugao,ifb,Philippine Language
Central_Bontok,Central Bontok,bnc,Philippine Language
North_Kankanay,North Kankanay,xnn,Philippine Language
Ilongot,Ilongot,ilk,Philippine Language
Pangasinan,Pangasinan,pag,Philippine Language
Inibaloi,Inibaloi,ibl,Philippine Language
North_Kallahan,North Kallahan,ify,Philippine Language
Itbayaten,Itbayaten,ivv,Philippine Language
Ivatanen,Ivatanen,ivv,Philippine Language
Kapampangan,Kapampangan,pam,Philippine Language
Tina,Tina,xsb,Philippine Language
Iraya,Iraya,iry,Philippine Language
Siocon_Subanon,Siocon Subanon,suc,Philippine Language
Sindangan,Sindangan,syb,Philippine Language
Binukid,Binukid,bkd,Philippine Language
Ata,Ata,atm,Philippine Language
Tigwa,Tigwa,mbt,Philippine Language
Dibabawon,Dibabawon,mbd,Philippine Language
Ilianen,Ilianen,mbi,Philippine Language
Western_Bukidnon,Western Bukidnon,mbb,Philippine Language
Sarangani_Manobo,Sarangani Manobo,mbs,Philippine Language
Kalamansig,Kalamansig,mta,Philippine Language
Magindanao,Magindanao,mdh,Philippine Language
Maranao,Maranao,mrw,Philippine Language
Hanunoo,Hanunoo,hnn,Philippine Language
Buhid,Buhid,bku,Philippine Language
Kalamianen,Kalamianen,tbk,Philippine Language
Batak,Batak,bya,Philippine Language
Tagbanwa,Tagbanwa,tbw,Philippine Language
Tagalog,Tagalog,tgl,Philippine Language
Naga,Naga,bcl,Philippine Language
Mansakan,Mansakan,msk,Philippine Language
Kalagan,Kalagan,kqe,Philippine Language
Tagakaolo,Tagakaolo,klg,Philippine Language
Mamanwa,Mamanwa,mmn,Philippine Language
Tausug,Tausug,tsg,Philippine Language
Cebuano,Cebuano,ceb,Philippine Language
Waray,Waray,war,Philippine Language
Hiligaynon,Hiligaynon,hil,Philippine Language
Kuyunon,Kuyunon,cyo,Philippine Language
Tiruray,Tiruray,tiy,Philippine Language
Tboli,Tboli,tbl,Philippine Language
Cotabato_Bilaan,Cotabato Bilaan,bpr,Philippine Language
Sarangani_Bilaan,Sarangani Bilaan,bps,Philippine Language
Sangil,Sangil,snl,Austronesian
Tonsea,Tonsea,txs,Austronesian
Tondano,Tondano,tdn,Austronesian
Tombulu,Tombulu,tom,Austronesian
Tontemboan,Tontemboan,tnt,Austronesian
Tonsawang,Tonsawang,tnw,Austronesian
Bugis,Bugis,bug,Austronesian
Sadan,Sadan,sda,Austronesian
Wolio,Wolio,wlo,Austronesian
Kolod,Kolod,kqv,Philippine Language
Sumambu,Sumambu,mvv,Philippine Language
Timugon,Timugon,tih,Austronesian
Kadazan-Dusun,Kadazan-Dusun,kzj,Philippine Language
Eastern_Kadazan,Eastern Kadazan,dtb,Philippine Language
Saban,Saban,snv,Austronesian
Melanau,Melanau,mel,Austronesian
Bintulu,Bintulu,bny,Austronesian
Bukar_Sadong,Bukar Sadong,sdo,Austronesian
Rejang_Kayan,Rejang Kayan,ree,Austronesian
Lawangan,Lawangan,lbx,Austronesian
Dusun_Deyah,Dusun Deyah,dun,Austronesian
Maanyan,Maanyan,mhy,Austronesian
Malagasy,Malagasy,plt,Austronesian
Dohoi,Dohoi,otd,Austronesian
Siang,Siang,sya,Austronesian
Kapuas,Kapuas,nij,Austronesian
Katingan,Katingan,nij,Austronesian
Yakan,Yakan,yka,Austronesian
North_Sama,North Sama,sse,Philippine Language
Javanese,Javanese,jav,Austronesian
Sundanese,Sundanese,sun,Austronesian
Lampung,Lampung,ljp,Austronesian
Bali,Bali,ban,Austronesian
Toba_Batak,Toba Batak,bbc,Austronesian
Madurese,Madurese,mad,Austronesian
Minangkabau,Minangkabau,min,Austronesian
Urak_Lawoi,Urak Lawoi,urk,Austronesian
Malay,Malay,zlm,Austronesian
Indonesian,Indonesian,ind,Austronesian
Haroi,Haroi,hro,Austronesian
East_Cham,East Cham,cjm,Austronesian
West_Cham,West Cham,cja,Austronesian
Chru,Chru,cje,Austronesian
North_Raglai,North Raglai,rog,Austronesian
Sikka,Sikka,ski,Austronesian
Tetun,Tetun,tet,Austronesian
Kemak,Kemak,kem,Austronesian
Letri_Lgona,Letri Lgona,lex,Austronesian
Savu,Savu,hvn,Austronesian
Manggarai,Manggarai,mqy,Austronesian
Ngada,Ngada,nxg,Austronesian
Mor_sub_2_nosupersub,Mor\sub 2\nosupersub,mhz,Austronesian
Sissano,Sissano,sso,Austronesian
Manam,Manam,mva,Austronesian
Megiar,Megiar,tbc,Austronesian
Matukar,Matukar,mjk,Austronesian
Gedaged,Gedaged,gdd,Austronesian
Biliau,Biliau,bcu,Austronesian
Sio,Sio,xsi,Austronesian
Kove,Kove,kvc,Austronesian
Yabim,Yabim,jae,Austronesian
Bukawac,Bukawac,buk,Austronesian
Adzera,Adzera,adz,Austronesian
Mumeng,Mumeng,ptp,Austronesian
Mapos,Mapos,bzh,Austronesian
Misima,Misima,mpx,Austronesian
Tagula,Tagula,tgo,Austronesian
Kehelala,Kehelala,tbo,Austronesian
Suau,Suau,swp,Austronesian
Dobu,Dobu,dob,Austronesian
Bwaidoka,Bwaidoka,bwd,Austronesian
Iduna,Iduna,viv,Austronesian
Muyuw,Muyuw,myw,Austronesian
Roro,Roro,rro,Austronesian
Nara,Nara,nrz,Austronesian
Gabadi,Gabadi,kbt,Austronesian
Sinagoro,Sinagoro,snc,Austronesian
Motu,Motu,meu,Austronesian
Keapara,Keapara,khz,Austronesian
Bileki,Bileki,nak,Austronesian
Mengen,Mengen,mee,Austronesian
Sursurunga,Sursurunga,sgz,Austronesian
Tangga,Tangga,tgg,Austronesian
Tolai,Tolai,ksd,Austronesian
Duke_of_York,Duke of York,rai,Austronesian
Tigak,Tigak,tgc,Austronesian
Seimat,Seimat,ssg,Austronesian
Gele,Gele,sbc,Austronesian
Nehan,Nehan,nsn,Austronesian
Halia,Halia,hla,Austronesian
Petats,Petats,pex,Austronesian
Tinputs,Tinputs,tpz,Austronesian
Teop,Teop,tio,Austronesian
Mono,Mono,mte,Austronesian
Uruava,Uruava,urv,Austronesian
Torau,Torau,ttu,Austronesian
Babatana,Babatana,baa,Austronesian
Simbo,Simbo,sbb,Austronesian
Roviana,Roviana,rug,Austronesian
Kia,Kia,kji,Austronesian
Gao,Gao,gga,Austronesian
Nembao,Nembao,utp,Austronesian
Vano,Vano,vnk,Austronesian
Aneityum,Aneityum,aty,Austronesian
Sie,Sie,erg,Austronesian
Kwamera,Kwamera,tnk,Austronesian
Whitesands,Whitesands,tnp,Austronesian
Lenakel,Lenakel,tnl,Austronesian
Kumak,Kumak,nee,Austronesian
Caac,Caac,msq,Austronesian
Yuaga,Yuaga,nua,Austronesian
Fwai,Fwai,fwa,Austronesian
Cemuhi,Cemuhi,cam,Austronesian
Paici,Paici,pri,Austronesian
Ajie,Ajie,aji,Austronesian
Tiri,Tiri,cir,Austronesian
Xaracuu,Xaracuu,ane,Austronesian
Xaragure,Xaragure,axx,Austronesian
Numee,Numee,kdk,Austronesian
Iaai,Iaai,iai,Austronesian
Dehu,Dehu,dhv,Austronesian
Nengone,Nengone,nen,Austronesian
Nauruan,Nauruan,nau,Austronesian
Gilbertese,Gilbertese,gil,Austronesian
Marshallese,Marshallese,mah,Austronesian
Kusaiean,Kusaiean,kos,Austronesian
Mokilese,Mokilese,mkj,Austronesian
Ponapean,Ponapean,pon,Austronesian
Trukese,Trukese,chk,Austronesian
Carolinian,Carolinian,cal,Austronesian
Ulithian,Ulithian,uli,Austronesian
Bughotu,Bughotu,bgt,Austronesian
Gela,Gela,nlg,Austronesian
Lengo,Lengo,lgr,Austronesian
Ghari,Ghari,gri,Austronesian
Talise,Talise,tlr,Austronesian
Longgu,Longgu,lgu,Austronesian
Lau,Lau,llu,Austronesian
Toabaita,Toabaita,mlu,Austronesian
Kwaraae,Kwaraae,kwf,Austronesian
Kwaio,Kwaio,kwd,Austronesian
Marau_sub_2_nosupersub,Marau\sub 2\nosupersub,alu,Austronesian
Oroha,Oroha,ora,Austronesian
Saa,Saa,apb,Austronesian
Arosi,Arosi,aia,Austronesian
Fagani,Fagani,faf,Austronesian
Sakao,Sakao,sku,Austronesian
Shark_Bay,Shark Bay,ssv,Austronesian
Labo,Labo,mwi,Austronesian
Big_Nambas,Big Nambas,nmb,Austronesian
Toga,Toga,lht,Austronesian
Lehali,Lehali,tql,Austronesian
Motlav,Motlav,mlv,Austronesian
Mota,Mota,mtt,Austronesian
Vatrata,Vatrata,vlr,Austronesian
Mosina,Mosina,msn,Austronesian
Nume,Nume,tgs,Austronesian
Lakona,Lakona,lkn,Austronesian
Merlav,Merlav,mrm,Austronesian
Marino,Marino,mrb,Austronesian
Northeast_Aoban,Northeast Aoban,omb,Austronesian
Raga,Raga,lml,Austronesian
North_Ambrym,North Ambrym,mmg,Austronesian
Lonwolwol,Lonwolwol,crc,Austronesian
Southeast_Ambrym,Southeast Ambrym,tvk,Austronesian
Paama,Paama,pma,Austronesian
Nokuku,Nokuku,nkk,Austronesian
Tolomako,Tolomako,tlm,Austronesian
Tangoa,Tangoa,tgp,Austronesian
Malo,Malo,mla,Austronesian
Atchin,Atchin,upv,Austronesian
Uripiv,Uripiv,upv,Austronesian
Rerep,Rerep,pgk,Austronesian
Aulua,Aulua,aul,Austronesian
Maskelynes,Maskelynes,klv,Austronesian
Southwest_Bay,Southwest Bay,sns,Austronesian
Lewo,Lewo,lww,Austronesian
Baki,Baki,bki,Austronesian
Namakura,Namakura,nmk,Austronesian
North_Efate,North Efate,llp,Austronesian
South_Efate,South Efate,erk,Austronesian
Rotuman,Rotuman,rtm,Austronesian
Fijian,Fijian,fij,Austronesian
Niuean,Niuean,niu,Austronesian
Tongan,Tongan,ton,Austronesian
Samoan,Samoan,smo,Austronesian
Tuvalu,Tuvalu,tvl,Austronesian
East_Uvea,East Uvea,wls,Austronesian
Pileni,Pileni,piv,Austronesian
Tikopia,Tikopia,tkp,Austronesian
West_Uvea,West Uvea,uve,Austronesian
Emae,Emae,mmw,Austronesian
Mele,Mele,mxe,Austronesian
West_Futuna,West Futuna,fut,Austronesian
Luangiua,Luangiua,ojv,Austronesian
Kapingamarangi,Kapingamarangi,kpg,Austronesian
Nukuoro,Nukuoro,nkr,Austronesian
Rapanui,Rapanui,rap,Austronesian
Tahitian,Tahitian,tah,Austronesian
Rarotongan,Rarotongan,rar,Austronesian
Paumotu,Paumotu,pmt,Austronesian
Maori,Maori,mri,Austronesian
Mangareva,Mangareva,mrv,Austronesian
Marquesan,Marquesan,mqm,Austronesian
Hawaiian,Hawaiian,haw,Austronesian
Aiwo,Aiwo,nfl,Austronesian
Santa_Cruz,Santa Cruz,stc,Austronesian
Nanggu,Nanggu,ngr,Austronesian
English,English,eng,Language of Interest
