tip,ruhlen_language,iso6393,glottocode,inventory_size,source,latitude,longitude,Language_type,n_tips_for_language,austronesian_score,span_score,eng_score,jap_score,unrelated_score,austronesian_score_present,span_score_present,eng_score_present,jap_score_present,unrelated_score_present,austronesian_score_absent,span_score_absent,eng_score_absent,jap_score_absent,unrelated_score_absent,span_score_D1,austronesian_score_span_D1,eng_score_D1,austronesian_score_eng_D1,jap_score_D1,austronesian_score_jap_D1,unrelated_score_D1,austronesian_score_unrelated_D1,n_present,n_absent,n_logp_floored
Balangaw,Balangaw,blw,bala1310,24,ruhlen,17.13492,121.28216,Philippine Language,1,0.7437788137400617,0.7439508496320141,0.7451298651078363,0.7573477773681867,0.7510149837571644,0.5625619317596974,0.5629398939478877,0.5650450765135134,0.5837413979346546,0.574278146901797,0.9833707055828297,0.9831651169484011,0.9826092447375636,0.9825851959684723,0.9821434245246028,0.8958342570460301,0.8962123730878442,0.9015028470868746,0.8995609255209546,0.7477882968869327,0.7330960201425768,0.7507071573516637,0.7434983868856271,24,60,0
BikolNagaCity,Naga,bcl,cent2087,21,ruhlen,13.61531,123.39831,Philippine Language,1,0.7824267404459028,0.781790874254743,0.7862238817728815,0.7819853823808045,0.7810992223294242,0.6719773264524601,0.6719347819970105,0.6795224768263252,0.6781906375905384,0.6763264876688513,0.9110301494794709,0.9096075801456499,0.9096799787360184,0.9016655559118031,0.9021027658203467,0.7682642679178894,0.7725120427407406,0.794838703027294,0.7913430854182516,0.6148782024673113,0.6402633891521917,0.7791826828138607,0.7806991192984213,21,63,0
Binukid,Binukid,bkd,binu1244,18,ruhlen,8.19325,124.94266,Philippine Language,1,0.9047944029956052,0.904901385177338,0.9050614339210972,0.9041962392540306,0.9049403997510754,0.9596524917336662,0.9597036580284422,0.9597860681501069,0.9600848737113528,0.959018324630992,0.8530722514076228,0.8532285044927873,0.8534570633538333,0.8515610041023652,0.8539118659872704,0.6784167256951148,0.6779835835516316,0.9547497249453868,0.953875302165464,0.9692584761278451,0.9752980620913553,0.9015673088306867,0.9014007430579691,18,66,0
Cebuano,Cebuano,ceb,cebu1242,22,ruhlen,10.20178,123.64698,Philippine Language,1,0.796100551490291,0.7958327495158501,0.7956572920457662,0.7922894430210485,0.7946477119093864,0.6678664839954737,0.6680303944245877,0.6682626429309056,0.665446103378934,0.6692365613154408,0.9489562708576356,0.9480852525392918,0.9473378963831401,0.9433108982609081,0.9435602035872422,0.8823847345115956,0.8853808030704192,0.9444915468429461,0.9468308323497509,0.8277481493571368,0.8520365264237852,0.7935706636265013,0.7951368046408248,22,62,0
DumagatCasiguran,Casiguran Dumagat,dgc,casi1235,24,ruhlen,16.40414,121.99354,Philippine Language,1,0.7912064031675453,0.7917442923056571,0.7968619046030068,0.801299752190621,0.8001611218893231,0.6516969982331645,0.652753809411043,0.6615370946013102,0.6667511807814835,0.6659103979588517,0.9605807209646696,0.9603299365869329,0.9598689176911861,0.9629998586701894,0.9614774344201534,0.8543688371417866,0.8545613811095263,0.8171184337751893,0.8097196168913087,0.8267190422768598,0.8033321749785486,0.7994261081278887,0.7904602053462537,24,60,0
Gaddang,Gaddang,gad,gadd1244,22,ruhlen,16.58369,121.26426,Philippine Language,1,0.7782095009708744,0.7787368363347745,0.7778758816241539,0.7814049170951795,0.7810928045836332,0.6618541379131424,0.6624151408347146,0.6617125419154202,0.6649153876475835,0.6664140663141351,0.9150203839638362,0.9154849019612155,0.914431643476235,0.9183027732607527,0.9155058397052699,0.8109406641776888,0.8083982960500377,0.9302629973951836,0.9314513086752655,0.6852088657644803,0.6734838517087779,0.7793654000310783,0.7764780022266973,22,62,0
Hanunoo,Hanunoo,hnn,hanu1241,20,ruhlen,12.41035,121.2367,Philippine Language,1,0.8812086512372106,0.8807238935184395,0.8808828229391237,0.8845398265695753,0.8832907841109259,0.8252624864608314,0.8252312787822135,0.8262650713664711,0.8370136233773933,0.8346481800166323,0.9409475164022972,0.939948104922702,0.9391109156604328,0.9347645999245109,0.9347682388521436,0.8492526474904261,0.852890483752028,0.9358002765174863,0.9382422777927694,0.7847764258163975,0.8016722289693753,0.8819687391927057,0.8800322923564913,20,64,0
Ibanag,Ibanag,ibg,iban1267,21,ruhlen,17.64993,121.78591,Philippine Language,1,0.8252545140263445,0.8258270611591453,0.8251331657536982,0.8292891971012557,0.8283787922684661,0.7254353550012854,0.7260795445885352,0.7256100160355831,0.7309945511947423,0.7311406225164088,0.9388086867087575,0.9392777141645416,0.9383067021959799,0.9408012293728186,0.9385491687199505,0.8109406641776888,0.8083982960500377,0.9221684765416535,0.9228070937723332,0.775544819881752,0.7643418866943502,0.8270911599369263,0.8239774332118395,21,63,0
IfugaoAmganad,Central Ifugao,ifa,amga1235,19,ruhlen,16.90069,121.00691,Philippine Language,1,0.8917058736515545,0.8919531704909607,0.8922097822585144,0.8956029639332201,0.8945252837312977,0.8537978616773957,0.8539582770656116,0.8537332805604516,0.8567047265506395,0.8553646233459157,0.9312969741368626,0.9316385585987481,0.9324203632253966,0.9362673557731991,0.9354788138238934,0.7796490474322161,0.7784015702087799,0.906241885672066,0.9044250415354672,0.7743532385373417,0.756158810946495,0.8931127850620401,0.8902013291946701,19,65,0
IfugaoBatad,East Ifugao,ifb,bata1298,21,ruhlen,16.84668,121.26145,Philippine Language,1,0.7960032989958296,0.7962215663221816,0.7977764313574764,0.8040395532775474,0.8020034108618689,0.6703685619280906,0.6704825173579955,0.672821658999705,0.682155721426156,0.6790389943747176,0.9451834229663826,0.9455411084761346,0.9459374946039741,0.947700917736479,0.9472349546381515,0.7796490474322161,0.7784015702087799,0.8579002086470755,0.8543600415622913,0.7016068901184096,0.6853740936255603,0.8009448590819733,0.79490957823258,21,63,0
IfugaoBayninan,North Kallahan,ify,kele1259,21,ruhlen,16.70893,121.02642,Philippine Language,2,0.6924590011802424,0.6932743043157357,0.6960663310667189,0.6988194975658617,0.7004906020664511,0.5392674054323483,0.5403300228457907,0.5448435882103658,0.5460757076647609,0.5495269094262141,0.889168274376065,0.889510559663345,0.8892613361499502,0.8942875197041424,0.8929263975366879,0.673943132264276,0.6721091058013269,0.8237007805482879,0.8176320131151877,0.6742676476276437,0.6546656705809728,0.6985341850673938,0.6904522097926442,21,63,0
Ilokano,Ilokano,ilo,ilok1237,20,ruhlen,15.70115,120.65378,Philippine Language,1,0.8334634723790675,0.8351933417586517,0.8325414634679266,0.8424471814617015,0.8424267482228428,0.7436464603743614,0.746968105671846,0.7440576953940837,0.764437571922108,0.7638403862412017,0.9341285097228472,0.9338389588810998,0.9315477720127726,0.9284175446377473,0.9290983285311819,0.7825633521224851,0.7816214009171408,0.9340932812538948,0.9380567854121085,0.7426295818875941,0.7472083639625529,0.8410278316587669,0.8321899252186632,20,64,0
Imorod,Itbayaten,ivv,ivat1242,26,ruhlen,20.38116,121.93381,Philippine Language,6,0.9748176021227898,0.9746785776379251,0.9743168012620258,0.9734441078198299,0.9736120121341796,0.9681585371840129,0.9682115535326976,0.9682687717056442,0.9685214256404169,0.9685306507549306,0.9815224685952576,0.981188797262381,0.9804026082027286,0.9783918104058111,0.9787200326939577,0.9548575610395613,0.956390225536699,0.9756251060221984,0.9774304624828375,0.9337045025722687,0.9479620248507826,0.9730787178685242,0.9743596253639122,26,58,0
Inibaloi,Inibaloi,ibl,ibal1244,23,ruhlen,16.45231,120.68141,Philippine Language,1,0.6558516658361625,0.6575141391994896,0.6601888799257716,0.6717775054777931,0.6646386621358092,0.4874654058660162,0.4899794326278378,0.49443283495771584,0.5125479369530259,0.5014563734552587,0.8824039663202216,0.8823326336957017,0.8815137797531568,0.8804737748994701,0.8809231960935321,0.5557391410347066,0.5540907599087298,0.6654744484386378,0.6603030015218276,0.6168779269623367,0.6039667223089046,0.6625206881453073,0.6537896089487033,22,62,0
Iraralay,Itbayaten,ivv,ivat1242,26,ruhlen,20.38116,121.93381,Philippine Language,6,0.9748176021227898,0.9746785776379251,0.9743168012620258,0.9734441078198299,0.9736120121341796,0.9681585371840129,0.9682115535326976,0.9682687717056442,0.9685214256404169,0.9685306507549306,0.9815224685952576,0.981188797262381,0.9804026082027286,0.9783918104058111,0.9787200326939577,0.9548575610395613,0.956390225536699,0.9756251060221984,0.9774304624828375,0.9337045025722687,0.9479620248507826,0.9730787178685242,0.9743596253639122,26,58,0
Isamorong,Itbayaten,ivv,ivat1242,26,ruhlen,20.38116,121.93381,Philippine Language,6,0.9728828323648726,0.9727351986925481,0.9723493130993648,0.9714191344551563,0.971597547773322,0.9656379595892832,0.9656995248484344,0.9657577554176988,0.9660568182303606,0.9660576973227519,0.9801820611038056,0.9798221314481214,0.9789858599436101,0.976811215425412,0.9771691664537812,0.9513392729310108,0.9529856708614683,0.9738874660181739,0.9758133765721301,0.9286729785582761,0.9439521825910709,0.9710268400469675,0.9723930086760013,26,58,0
IsnegDibagatKabugaoIsneg,Isnag,isd,isna1241,21,ruhlen,18.19955,121.10666,Philippine Language,1,0.505235632035917,0.5056324449064121,0.5092684210512931,0.5159102774511007,0.5103972530549834,0.3584812172516218,0.3589748135967608,0.36433920332296693,0.37379216104135754,0.36582429363435587,0.7120681129007681,0.7122064269088958,0.7118485255350729,0.7120625901788845,0.7121051293177642,0.34527287368503345,0.3446975968097806,0.6209036134171261,0.6147070964893387,0.29526352220608626,0.2867532906785089,0.5060984295705876,0.5009796312697087,21,63,0
Itbayat,Itbayaten,ivv,ivat1242,26,ruhlen,20.38116,121.93381,Philippine Language,6,0.9611754883039857,0.9609780183953969,0.9604642513855801,0.9591727096912277,0.9594277810590135,0.9500630452010417,0.950174697172351,0.9502360835605608,0.9507611380748929,0.9507373668027896,0.9724179084567053,0.9719041715037745,0.9708025133428543,0.9676587001434017,0.9681976318689922,0.9303190131984526,0.9326190851660263,0.9638349408462961,0.9664198968963823,0.899046513376649,0.9201037751983852,0.958645115887995,0.9605053265223265,26,58,0
Itbayaten,Itbayaten,ivv,ivat1242,26,ruhlen,20.38116,121.93381,Philippine Language,6,0.7491587641890649,0.7489420528189795,0.747881760859885,0.7479575870382699,0.7476861762057075,0.5993712312052538,0.5996561759050357,0.5992987463999638,0.6034111964251757,0.6022891913659729,0.9363793668119708,0.9353930152293404,0.9333026834893376,0.927129883108629,0.9281830491117391,0.7570273296558451,0.7606322898571894,0.8470700749805032,0.8519284346819426,0.683970950784826,0.7139115157688048,0.7462974120851139,0.7479465819728541,26,58,0
Ivasay,Itbayaten,ivv,ivat1242,26,ruhlen,20.38116,121.93381,Philippine Language,6,0.9728828323648726,0.9727351986925481,0.9723493130993648,0.9714191344551563,0.971597547773322,0.9656379595892832,0.9656995248484344,0.9657577554176988,0.9660568182303606,0.9660576973227519,0.9801820611038056,0.9798221314481214,0.9789858599436101,0.976811215425412,0.9771691664537812,0.9513392729310108,0.9529856708614683,0.9738874660181739,0.9758133765721301,0.9286729785582761,0.9439521825910709,0.9710268400469675,0.9723930086760013,26,58,0
KakidugenIlongot,Ilongot,ilk,ilon1239,19,ruhlen,16.37807,121.49391,Philippine Language,1,0.8462906114430195,0.8460639068226808,0.8468276534016285,0.8449680644015255,0.8453798557136509,0.761591537678983,0.7614452097136377,0.764046753300705,0.7635556512636816,0.7639697637084248,0.9404093448823052,0.9400862009457819,0.9385774777102859,0.9350608939595186,0.9354651641935816,0.8606486115752824,0.8618222702493332,0.9150520200831388,0.9162758035000932,0.8529873495924202,0.8673123842732512,0.8441021469749702,0.845119299552985,19,65,0
Kalagan,Kalagan,kqe,kala1388,22,ruhlen,7.30352,125.92716,Philippine Language,1,0.6746834755803113,0.6758806065724122,0.674293505212851,0.6890025820449032,0.6823696653743404,0.5316624642122945,0.5336286471227504,0.5318039385224385,0.5547051954520634,0.5448909290479254,0.856178163518737,0.8560533562127354,0.8549611957284313,0.8558141549001741,0.854534981958078,0.6396612202081501,0.6384004777414393,0.8092801119770588,0.8108685372759419,0.46567984929922573,0.45314509848257556,0.6797004447601563,0.6720771445841123,22,62,0
KalingaGuinaangLubuagan_D,Central Kalinga,knb,lubu1243,18,ruhlen,17.38069,121.03338,Philippine Language,1,0.9375790221186663,0.9382812602245691,0.936612986323633,0.9415470892896546,0.9401019937875258,0.9365410208552576,0.9378835993845459,0.9371116226237999,0.9454103487366565,0.9436906715032064,0.938618173835284,0.9386790896720227,0.9361146153474189,0.9376996163988023,0.9365269631366471,0.8918400640541384,0.8908831908078305,0.9343222117319647,0.9382707224604142,0.8657223064657317,0.8635871741611595,0.938767604167083,0.9362979353685537,18,66,0
KallahanKeleyqiq,North Kallahan,ify,kele1259,21,ruhlen,16.70893,121.02642,Philippine Language,2,0.7271844670618413,0.7271183103564478,0.7311917158650527,0.7327440043717581,0.7315395205946387,0.5928140431431335,0.5925935898573806,0.5994769015947417,0.6018128960641757,0.6004328123795172,0.8920120149858484,0.8921814989305871,0.8918464146448603,0.8921606357293882,0.8912738597196783,0.7342936559590117,0.7339966342185463,0.7671578739719853,0.7614412077247242,0.6854142817084655,0.6773180644434884,0.7294601433927193,0.7251324765020437,21,63,0
KankanayNorthern,North Kankanay,xnn,nort2877,19,ruhlen,17.12722,120.80177,Philippine Language,1,0.7910287682770762,0.7911509430295666,0.7906677854570481,0.7933276917582186,0.7935150379389792,0.728396036395963,0.728294595045645,0.7281893137686839,0.7285496624064879,0.7303654911135898,0.8590471130759938,0.8594321843310451,0.8585068953073638,0.8638653738875417,0.862124680172452,0.6790955643975233,0.678057258758608,0.9111435477941582,0.9123136969422674,0.7673413600528893,0.7518907929907789,0.7907186874837122,0.7881729842684767,19,65,0
Kapampangan,Kapampangan,pam,pamp1243,19,ruhlen,15.24905,120.54845,Philippine Language,1,0.8597543181574612,0.8595349877633164,0.8587841888521213,0.8616468410396957,0.8594744447930877,0.8215149606320714,0.8222782883222746,0.8224729013186993,0.8344327501626647,0.8294343284768418,0.8997736170521833,0.8984797551893129,0.896698580390819,0.8897484890531393,0.8906025418659906,0.7934541164152055,0.7976662663423897,0.8834004914310841,0.8878323029872452,0.7138607212303666,0.7397589235676828,0.8573338887946729,0.857825660856171,19,65,0
KoronadalBlaan,Cotabato Bilaan,bpr,koro1310,22,ruhlen,6.21229,125.01141,Philippine Language,1,0.872478020732524,0.8731382555277655,0.8720055517878539,0.8774464823791214,0.8758341218694841,0.7885108141393428,0.7899300976762073,0.7883977729449344,0.7990369390425403,0.7962136391269345,0.9653867556556084,0.9651112364357148,0.964479744163292,0.9635503589634472,0.9634165647702494,0.8892754701132736,0.8893648070304236,0.9289020989550882,0.9305935027117122,0.8886056543163401,0.886522917817034,0.8750840704375105,0.8717761210209948,22,62,0
Mamanwa,Mamanwa,mmn,mama1275,21,ruhlen,9.43926,125.53517,Philippine Language,1,0.8057278381184355,0.8064566926984073,0.8053439968181223,0.8121662028847664,0.809266038169783,0.7288990500047938,0.7304337404682868,0.7291446046934167,0.7385858871023946,0.735217945315648,0.8906546786070555,0.8903920522361063,0.8895066205470938,0.8930768277959436,0.8907719468869145,0.7135001240418131,0.713343842939353,0.8815985732835893,0.8834997698750652,0.7966173206600992,0.7801524066937457,0.8069905398110603,0.8034596439652637,21,63,0
ManoboDibabawon,Dibabawon,mbd,diba1242,20,ruhlen,7.85784,125.99118,Philippine Language,1,0.9219115705245448,0.9217470008374917,0.9220384967207658,0.9213997175138658,0.921465441592671,0.869738205760234,0.8695667186693606,0.869795508251024,0.8699164318698833,0.8694239923630367,0.9772146816571325,0.9770584767239293,0.9774193834877034,0.9759298805400844,0.9766219560398635,0.9109007412752333,0.9115957352285321,0.9729114150473682,0.9725034424914392,0.9774745995204911,0.9819139943650564,0.9209467316791203,0.9214063563790676,20,64,0
ManoboIlianenKibudtungan_D,Ilianen,mbi,ilia1236,21,ruhlen,7.35339,124.73172,Philippine Language,1,0.8106350576242354,0.8104637441264735,0.8103369374487888,0.8100388800092008,0.8101147598487831,0.6812801855642764,0.681145871468501,0.6810135183162593,0.6815432841915041,0.6813255938977426,0.9645505778289652,0.96433305706952,0.9642186748618095,0.9627605499846548,0.9632485994990388,0.9142340846075002,0.9151647529219337,0.9356279541195295,0.9364814085927717,0.969258476127845,0.9752980620913553,0.8093786900638513,0.80992586463359,21,63,0
ManoboKalamansigCotabatoParil_D,Kalamansig,mta,cota1241,21,ruhlen,6.40155,124.29478,Philippine Language,1,0.8201488582489244,0.821416124028362,0.8198462164995559,0.8286683232273141,0.8261310156355788,0.7175150760884074,0.7198991307572781,0.7175062159043841,0.7335648489873914,0.7290705203640099,0.9374634374987483,0.9372485949580457,0.9367832693427259,0.9361015469433585,0.9361130863641537,0.7736263799165507,0.7726410982549016,0.8882898461086011,0.8894270683103106,0.7784770929227672,0.7709152592679974,0.8248229168175306,0.8188797408155152,21,63,0
ManoboSaranganiKayaponga_D,Sarangani Manobo,mbs,sara1327,20,ruhlen,6.03322,125.61158,Philippine Language,1,0.829606166480937,0.8299745622223397,0.8293044813210987,0.8321976947268279,0.8311877187770581,0.7703680802729961,0.7712869748765847,0.7703580917987034,0.7767262972263959,0.774738512468305,0.893399413977928,0.8931277155904132,0.8927613405519552,0.8916306884184008,0.8917499423704894,0.7015160242815203,0.7016014966707375,0.8882898461086011,0.8894270683103106,0.836366605973455,0.8373499255448449,0.8289029822571853,0.827363373843056,20,64,0
ManoboTigwaIglogsad_D,Tigwa,mbt,mati1250,19,ruhlen,7.70798,125.15548,Philippine Language,1,0.9572112793319066,0.9573624953380168,0.9573431828407548,0.9566946679893571,0.9578233337290992,0.9807401303446042,0.9807636549427039,0.9808081471211352,0.980951681529454,0.9807018955127847,0.9342469069337257,0.9345196907132315,0.9344395970015055,0.9330374828780845,0.9354785004838052,0.8367126362135582,0.8358183182844977,0.9729114150473682,0.9725034424914392,0.9774745995204911,0.9819139943650564,0.9562965162919095,0.9556549777251694,19,65,0
Maranao,Maranao,mrw,mara1404,20,ruhlen,7.81502,124.22438,Philippine Language,1,0.8728345484856024,0.8730759516979112,0.8741547007901697,0.8753760760460139,0.8760388779670376,0.8331943359114435,0.8341746949023991,0.837106163188333,0.8401055156860667,0.8422912280909527,0.9143606913706118,0.9137913462148359,0.912842927834988,0.9121274175755607,0.9111386775915417,0.7472045148631428,0.7485181306663184,0.907364399108198,0.9073684713305727,0.875886891949606,0.881172324947033,0.8741936005606444,0.8710716294828227,20,64,0
PalawanBatak,Batak,bya,bata1301,21,ruhlen,10.16456,119.08504,Philippine Language,1,0.8730231643160268,0.8736246079701435,0.8750976542009844,0.8790085764173227,0.8783661384446735,0.8091518928249619,0.8105369086472963,0.8138348905429024,0.8216195810554129,0.8208912052526448,0.9419361830464665,0.9416227040477694,0.9409720734352023,0.9404061140104419,0.93986519556968,0.8676982025599602,0.8680814161762618,0.9132304067118223,0.9112762993410727,0.8925338336341457,0.8901103955137304,0.8770736606484761,0.8717865187349949,21,63,0
Pangasinan,Pangasinan,pag,pang1290,19,ruhlen,15.96202,120.38515,Philippine Language,1,0.7131348988164489,0.7142538072045156,0.7146794518354226,0.7138569417079718,0.7178126231500638,0.5847632810235603,0.5868878274874488,0.5884542272671747,0.5901622549880569,0.5964229452540115,0.8696876161919215,0.8692606614286195,0.8679803716387915,0.8634773385074775,0.8639086843550808,0.6240882566669493,0.6237615658558809,0.8629464111484877,0.8623238457704784,0.775615762192427,0.7885786083688111,0.7153491603363514,0.7108021316849873,19,65,0
SaranganiBlaan,Sarangani Bilaan,bps,sara1326,23,ruhlen,6.06694,125.34999,Philippine Language,1,0.8261599152201454,0.8267508432295982,0.8286906383545263,0.8363264826028121,0.8321808503489794,0.7051313557150991,0.706345329755595,0.7100105684108234,0.7238613702533205,0.7167533535578218,0.967961784686726,0.967681002460026,0.9672083834378651,0.9662651085497446,0.9661970387023563,0.8892754701132736,0.8893648070304236,0.8301381411720318,0.8275839786441422,0.8057562198581872,0.7967832535594773,0.8315178731949839,0.8255406941396375,23,61,0
SubanonSiocon,Siocon Subanon,suc,west2557,20,ruhlen,7.73572,122.37053,Philippine Language,1,0.8992930913570909,0.899817112335336,0.9009345837192962,0.9031082558089392,0.9036092893000238,0.8457180905604927,0.8470291725220788,0.8494770200768946,0.854640020499631,0.8554661869494243,0.9562619898867424,0.9558948639757714,0.9555092191522591,0.9543252154672722,0.9544617428082715,0.9317650139744816,0.9322942242566612,0.8963221188287188,0.8950017638779502,0.9239422459218071,0.9249716019527838,0.9026533677675193,0.8983833631178119,20,64,0
SubanunSindangan,Sindangan,syb,cent2089,22,ruhlen,8.13155,123.09603,Philippine Language,1,0.7201753689784554,0.7200358738800358,0.7231663115959878,0.7237570560456251,0.7248820116555137,0.5598059877781715,0.5599167299913882,0.5649768271711229,0.5681366111639868,0.5692415854491817,0.9264862709699622,0.9259442197452482,0.9256477240772668,0.922004084726435,0.9230772035165262,0.893996855098801,0.8956708608169582,0.7970066043832974,0.7929590383997532,0.7485191505952511,0.7523446993406075,0.7234739445857076,0.7188438119326505,22,62,0
Tagalog,Tagalog,tgl,taga1270,20,ruhlen,14.21913,121.38616,Philippine Language,1,0.663308942499567,0.6626053649319008,0.6683466222404253,0.6574414646822344,0.6600623047293985,0.5305167689945952,0.5304694882597516,0.5399496865156803,0.5283814916372033,0.5321326201756943,0.8293399547647028,0.8276552739665824,0.8272756121828283,0.818025018522599,0.8187474881371416,0.6022251664697632,0.6058396579969523,0.6358280701123884,0.6320050815575923,0.5981204481531458,0.6298718335844672,0.6569118849029669,0.6603517260262056,20,64,0
TagbanwaKalamianCoronIsland_D,Kalamianen,tbk,cala1258,21,ruhlen,11.91139,119.99355,Philippine Language,1,0.7415422292892081,0.7422492389705176,0.7411517348425501,0.7405325268617263,0.7450946537888798,0.6016872087655373,0.6031145191212719,0.6018620649566123,0.6026243165284901,0.6098785101115812,0.9139048824843559,0.9134814621193575,0.9126773824825143,0.91000049002219,0.910289564069407,0.7875180852769186,0.7877305881801153,0.9194169323057922,0.9212516994500292,0.7830529807802595,0.7926879738618903,0.7434038074681164,0.7399327635342424,21,63,0
TausugJolo_D,Tausug,tsg,taus1251,21,ruhlen,5.95478,121.11477,Philippine Language,1,0.7642703657647073,0.7659132874483412,0.7639007841473928,0.7652349458761425,0.7701149153873708,0.6467199351541442,0.6497192744379386,0.6469317608083681,0.6477033707851314,0.6570614120159664,0.9031872379918185,0.9028871190521527,0.9020184869140425,0.9040936774502663,0.9026203214132529,0.6923320144644803,0.6913894677062089,0.8819104132136547,0.8838263022975014,0.7602262307056719,0.7566990340502768,0.7682036330904269,0.762385555656361,21,63,0
TboliTagabili,Tboli,tbl,tbol1240,22,ruhlen,6.17584,124.56778,Philippine Language,1,0.8692789361729427,0.8694339857087071,0.8720427413194474,0.8707333351475479,0.8725828304460297,0.8026936848800925,0.8030055229314166,0.8082701057097914,0.8056537988775219,0.8092449974357137,0.9413875842150701,0.9413577290798905,0.9408470476835605,0.9410699012323934,0.9408779768820136,0.8307089526597314,0.8305892220054685,0.8720054145898254,0.8691389196181597,0.8456306144887402,0.8441692740271937,0.871311014445886,0.8680238852810997,22,62,0
WBukidnonManobo,Western Bukidnon,mbb,west2555,23,ruhlen,7.68416,124.83378,Philippine Language,1,0.740545918117664,0.7403913878255138,0.7402781061165878,0.739983708443886,0.7409032997618638,0.5687751022863317,0.5686680650291485,0.5685625895437565,0.5689847674144792,0.5701000440107944,0.9641917422831481,0.9639707957542722,0.9638546124452446,0.9623735469239411,0.9628795951954433,0.9142340846075002,0.9151647529219337,0.9356279541195295,0.9364814085927717,0.969258476127845,0.9752980620913553,0.7402115002040041,0.7398800680513824,22,62,0
