"","Isnag","Yogad","Agta","Gaddang","Ibanag","Atta","Casiguran Dumagat","Ilokano","Itneg","North Kalinga","Central Kalinga","South Kalinga","Balangaw","Central Ifugao","East Ifugao","Central Bontok","North Kankanay","Ilongot","Pangasinan","Inibaloi","North Kallahan","Itbayaten","Ivatanen","Kapampangan","Tina","Iraya","Siocon Subanon","Sindangan","Binukid","Ata","Tigwa","Dibabawon","Ilianen","Western Bukidnon","Sarangani Manobo","Kalamansig","Magindanao","Maranao","Hanunoo","Buhid","Kalamianen","Batak","Tagbanwa","Tagalog","Naga","Mansakan","Kalagan","Mamanwa","Tausug","Cebuano","Waray","Hiligaynon","Kuyunon","Tiruray","Tboli","Cotabato Bilaan","Sarangani Bilaan","Sangil"
"Isnag",0.999999999964543,0.308373544879394,0.302739028683334,0.18471357809296,0.265777767303746,0.294068029583919,0.369046736484693,0.268995971000805,0.369982201569894,0.508563931869797,0.24093173352184,0.487491683445034,0.502458685618477,0.24838549266123,0.387860115795355,0.482617919701652,0.121020330195718,0.272758109546609,0.386064886666099,0.182558603880381,0.0735004287710065,0.349560217729477,0.312628693363763,0.424675519175086,0.159353730378385,0.312757598751928,0.184711783674292,0.138208969369704,0.163906675123135,0.496470140296097,0.165540945058629,0.160296027733922,0.248840456722322,0.119406250325463,0.178655843874124,0.197919459560674,0.148313937598091,0.473432161294942,0.434954042750602,0.329782986922348,0.095949823167063,0.47312432747734,0.160296027733922,0.704472940707097,0.590431194186147,0.0593970641852276,0.320633572920272,0.182708283426691,0.082887861349107,0.194471272678951,0.291364304481013,0.403933513497728,0.33654438657512,0.0689467165738767,0.223151539290548,0.120262947341058,0.204961225366112,0.0676036980557396
"Yogad",0.308373544879394,0.99999999993469,0.595214674400839,0.733471900884211,0.231415144373894,0.220288176762457,0.123189128709804,0.223527003139719,0.168034489356194,0.609534061870675,0.271214523655219,0.633038329011104,0.474149284254684,0.268870885401608,0.183241189065907,0.640173368970668,0.135425976323562,0.143144596751724,0.0818818495007585,0.0571073862671099,0.0686213617257898,0.299624691793362,0.354142397582827,0.15298648521952,0.155742120709703,0.130331360519921,0.181599123101142,0.10353319236518,0.152164688000533,0.621864751642755,0.154552092566683,0.149655340602618,0.121914758190534,0.0585008737196267,0.653621096392447,0.735337892276642,0.158544513118023,0.142329004126332,0.149390117283276,0.152589505956617,0.102568364405314,0.143082403999474,0.149655340602618,0.0599961045589386,0.0853734390815248,0.0634942256578729,0.886709975076991,0.0761376198452886,0.077385642661015,0.06679346178847,0.198132388958304,0.160796486779744,0.121237840417116,0.557328804335741,0.114462873140057,0.13028424980946,0.116144788627679,0.0733617468397942
"Agta",0.302739028683334,0.595214674400839,0.999999999976183,0.449811137283258,0.219059891227336,0.24237734866891,0.409132977431773,0.221712405615544,0.176010394732616,0.417579042141922,0.199058711900608,0.400356521007805,0.335572672010223,0.205022991974446,0.191981606858197,0.395862692133427,0.099501065257685,0.110635089623751,0.0601799869974966,0.106385193711686,0.1210026359119,0.286884217153002,0.256404587342066,0.349003796998385,0.130965661696309,0.256633428329974,0.304088194892578,0.299783803087325,0.135294627004623,0.407700661958166,0.136631730325212,0.132302758243749,0.322905693214632,0.154946500834825,0.416505736855357,0.461781446889953,0.122537537680647,0.280257799305879,0.357405598189824,0.271097194571676,0.260263051731742,0.28058642155543,0.132302758243749,0.14464886646272,0.204536797315778,0.0490740796753204,0.566726695657075,0.633497007521934,0.582929938971746,0.159798771158558,0.240024161687904,0.332052430372389,0.276576500102937,0.477556512493557,0.293316501951481,0.202808249711033,0.180797919387817,0.167170381414602
"Gaddang",0.18471357809296,0.733471900884211,0.449811137283258,0.999999999921493,0.368553565791228,0.309116374290662,0.320558941930546,0.361295551056131,0.508499814250839,0.196449029945879,0.376385471963771,0.192860661597145,0.292308586404718,0.366650316728927,0.48025761119118,0.205694221318083,0.188175847428991,0.407475905526164,0.134969773430608,0.158091198043988,0.0962919882834507,0.08863033623806,0.127481995822905,0.21467619516299,0.256563295977209,0.181096824096892,0.252019216138793,0.145281537635307,0.214370154896668,0.189456533561149,0.216873112282319,0.250397223603395,0.379950565117361,0.182319518650841,0.870361728270384,0.976532055613433,0.222475421873342,0.39401142740739,0.209629640992908,0.207580051195259,0.171613211886062,0.39468271937873,0.250397223603395,0.0843795430959992,0.11984829976469,0.106235953596154,0.674175352844574,0.105794039848311,0.129478507022577,0.0937270126706054,0.33150704746736,0.225635473145885,0.170125343119277,0.653889515119865,0.317523955712594,0.177528686616728,0.30371472520848,0.116836490817804
"Ibanag",0.265777767303746,0.231415144373894,0.219059891227336,0.368553565791228,0.999999999668837,0.903796878495593,0.344190792460929,0.988036237961053,0.764485726877365,0.555142541629218,0.773034307726531,0.396104310996785,0.431838768733787,0.753039888328075,0.708062064413238,0.422462347357815,0.386482467575262,0.412545352164923,0.277205878429698,0.162974668242972,0.197768022569894,0.259138071952779,0.352071899118218,0.627671942426207,0.52693912142093,0.371943309428761,0.51760632332413,0.42477529872762,0.440281298419086,0.389112787795903,0.445421964237066,0.514275015485591,0.41894738875006,0.201032169112522,0.260480217252394,0.313876684037714,0.456928193458841,0.406182522845645,0.612916787781856,0.426335534030134,0.352465518322093,0.407823318771215,0.514275015485591,0.247302758580014,0.350566297922262,0.218191303795533,0.348887365381484,0.217283685105955,0.265927713773946,0.27403977446324,0.922736432125404,0.463418422837186,0.497413811966536,0.271879668752869,0.326893129895438,0.364614937609754,0.325044085694115,0.23996307652443
"Atta",0.294068029583919,0.220288176762457,0.24237734866891,0.309116374290662,0.903796878495593,0.999999999594585,0.337962515809247,0.914740617260924,0.726183348578333,0.563985581263072,0.821276051177044,0.420823475938093,0.43871766390426,0.738475159372609,0.718876314291967,0.414589600621219,0.410521303976631,0.456458040317648,0.248290474813364,0.173111535286193,0.218819103274863,0.286721583157352,0.334432340143524,0.694483414485791,0.472106313811689,0.395077824228795,0.549907905821817,0.469989782738845,0.487146292182985,0.413395641870785,0.492834147428228,0.477219434363513,0.388760546143929,0.186546993623072,0.276596113314765,0.307929646472007,0.505565137643721,0.431446683667341,0.67815767250855,0.418620813848219,0.327068961592257,0.433273816540679,0.477219434363513,0.273626479987839,0.387881731094306,0.202469743710207,0.354288244868391,0.230798520572136,0.246766553554193,0.30320947203949,0.899423617711752,0.512746208446271,0.550360178939283,0.235036769231641,0.347186551311558,0.357706559760842,0.318885458798582,0.201263867899536
"Casiguran Dumagat",0.369046736484693,0.123189128709804,0.409132977431773,0.320558941930546,0.344190792460929,0.337962515809247,0.999999999906157,0.335544025704708,0.508581269114515,0.21478127304524,0.41150903542547,0.210858045110072,0.340910881146562,0.452541465045548,0.560292641915759,0.224889207775152,0.205736053154778,0.445500768052443,0.12444010086401,0.300730993624447,0.240189625172825,0.244968798566843,0.133873901759755,0.59335180076908,0.269427296450016,0.517333514703692,0.61458020904651,0.52778781420273,0.268559155773808,0.235741454727473,0.27121329915641,0.262620311295552,0.406328913164636,0.194977185622998,0.296659485926052,0.342120200251374,0.243236397473042,0.779513447977043,0.612366450555924,0.563671656824227,0.157358706158969,0.780020630944972,0.262620311295552,0.24773437700515,0.350420014163606,0.09741180193401,0.134730687484065,0.302218455473083,0.135798973052501,0.273793714470984,0.347689494114057,0.659122408240004,0.470215985614438,0.387497259656803,0.762348824053248,0.424569677384333,0.537518281025004,0.123039756377462
"Ilokano",0.268995971000805,0.223527003139719,0.221712405615544,0.361295551056131,0.988036237961053,0.914740617260924,0.335544025704708,0.999999999660769,0.754334580708651,0.546842950166378,0.751254562304266,0.384944326288227,0.425382615422862,0.733841547512641,0.697337348973545,0.411781047161,0.375520511145228,0.4175407097181,0.271088128477441,0.158352152702759,0.200162721674516,0.26227587805925,0.347396948123409,0.635272187495047,0.515331383266736,0.361393732942234,0.503023097408269,0.429918744135278,0.445612500183922,0.378149784765787,0.450815412403876,0.5205021795283,0.424020266172793,0.203466392548275,0.253013699522838,0.3059115577056,0.46246096625683,0.394661805887822,0.620338368195296,0.415625125723268,0.356733391611819,0.396333158540847,0.5205021795283,0.250297255298213,0.354811174261785,0.220833300782965,0.343624534718796,0.211120781251767,0.269147733116731,0.277358019718527,0.933909502870702,0.469029783398114,0.503436809995029,0.275171758095023,0.31758564037467,0.355362246383018,0.316795568560692,0.235237425474235
"Itneg",0.369982201569894,0.168034489356194,0.176010394732616,0.508499814250839,0.764485726877365,0.726183348578333,0.508581269114515,0.754334580708651,0.999999999784739,0.421522999561812,0.620336712012911,0.317861760379806,0.558881268953452,0.558016689201881,0.918871725170975,0.314683894632359,0.311595955545602,0.673111778343533,0.223493270244967,0.261779492920374,0.158672000979627,0.208212439434963,0.283852927437575,0.504322291650918,0.424837121550844,0.299873967471752,0.415363459952369,0.341298754345368,0.353219351579966,0.312251273922668,0.357368160076286,0.412935295328056,0.62777317859016,0.301237356262302,0.419948659833355,0.465229740009965,0.36659976582715,0.652434246455516,0.492466809668566,0.316198017529209,0.283010934843205,0.652010022371859,0.412935295328056,0.199384308040026,0.281672259977324,0.175195931661674,0.264831006584541,0.175181859887704,0.213525712340731,0.220185669798695,0.74170352200659,0.371806966005318,0.399662397808561,0.203623645578879,0.524540299556109,0.270261032081007,0.481782123903312,0.180231491424494
"North Kalinga",0.508563931869797,0.609534061870675,0.417579042141922,0.196449029945879,0.555142541629218,0.563985581263072,0.21478127304524,0.546842950166378,0.421522999561812,0.999999999871046,0.482387374600486,0.941423710760453,0.777888085109273,0.469910495645459,0.441843520878264,0.95093076916487,0.241172042410511,0.257435753279184,0.145873670769793,0.101699137469515,0.123410819186951,0.493977365107463,0.583015343623816,0.391678632333971,0.277351851988459,0.23209934504498,0.322995697443196,0.265067460888301,0.274743484853946,0.924806911767247,0.277951353201623,0.269144880173401,0.219255342660715,0.105209814660382,0.162544361701035,0.195864721698289,0.285131448121809,0.253465232824477,0.382471149251047,0.266041075910703,0.184462178474077,0.254489119126558,0.269144880173401,0.154321389407701,0.218759703637582,0.114190016126513,0.630502118250918,0.135588945202086,0.13917277818301,0.171005770380926,0.507261952033531,0.28918146851444,0.310395205524288,0.143962781261487,0.203987219085238,0.22752630862538,0.202833382095501,0.127906817300363
"Central Kalinga",0.24093173352184,0.271214523655219,0.199058711900608,0.376385471963771,0.773034307726531,0.821276051177044,0.41150903542547,0.751254562304266,0.620336712012911,0.482387374600486,0.999999999445829,0.512401981183083,0.375243391168784,0.899584123303904,0.613085586377909,0.504909721949732,0.499955129445561,0.533670171990988,0.302399437462224,0.210824625168469,0.255833435207,0.235477569709685,0.285686333468209,0.570362596500025,0.57495669760856,0.481147221448271,0.669577427399131,0.385991353031832,0.569549493206858,0.503357721274936,0.576199477255547,0.557943458365795,0.454521312366268,0.218102338836162,0.336958158940831,0.375055582475613,0.591083977335402,0.525439192782063,0.556954655591328,0.509719981524755,0.382394291634323,0.527561732374905,0.557943458365795,0.224183847031316,0.318419037537858,0.236718500732911,0.30242834813163,0.281078967431831,0.288508334715588,0.249018677988924,0.738675077394244,0.599479761726447,0.45199763468153,0.274794399448978,0.422870144921854,0.435683422050724,0.388399664867765,0.245062384945639
"South Kalinga",0.487491683445034,0.633038329011104,0.400356521007805,0.192860661597145,0.396104310996785,0.420823475938093,0.210858045110072,0.384944326288227,0.317861760379806,0.941423710760453,0.512401981183083,0.999999999854499,0.732322287735656,0.460948687265919,0.314146269236644,0.988788253601736,0.256177998938065,0.273453653545216,0.154950070921032,0.108026955655362,0.131089559099602,0.473603891460834,0.55947286901167,0.292254924569238,0.294608951078751,0.246540789613041,0.343092800514286,0.197782734090696,0.291838288831321,0.982349287639883,0.295245753834111,0.285891333580844,0.232897621042334,0.111756070558907,0.172658028282026,0.192179223588471,0.30287260116862,0.269236083487627,0.285384669079905,0.261181528492027,0.195939592703253,0.270323676980578,0.285891333580844,0.114872247408016,0.163158545741781,0.121295028800756,0.593439180785405,0.144025419832853,0.14783224235008,0.127597663998291,0.378498573293536,0.30717461772684,0.231604483596109,0.140805194746627,0.216679500127606,0.223245048717285,0.199016757846642,0.125570451603569
"Balangaw",0.502458685618477,0.474149284254684,0.335572672010223,0.292308586404718,0.431838768733787,0.43871766390426,0.340910881146562,0.425382615422862,0.558881268953452,0.777888085109273,0.375243391168784,0.732322287735656,0.999999999921968,0.412659697282947,0.605498025615373,0.739717715193632,0.504016566722474,0.406239485842544,0.113473390436407,0.157611495891218,0.109806765953604,0.53874062711947,0.649199813324717,0.304682141325801,0.60956180927923,0.510106190685317,0.28595237337964,0.459416645426577,0.623811672676441,0.745480550397489,0.625318704520792,0.605506416355385,0.370519784933922,0.177794152823247,0.485355703548418,0.311969684931292,0.609572115764335,0.420172188777474,0.327577786392557,0.233364151549375,0.394354958564426,0.420823656263944,0.605506416355385,0.13224141564586,0.187380381951875,0.244122667585024,0.682377324729126,0.297996361522895,0.123831223078871,0.146462528821755,0.43445825311417,0.257303873689194,0.53797898693848,0.111986932255655,0.338636069302453,0.476213738822636,0.32306923757003,0.266567156083591
"Central Ifugao",0.24838549266123,0.268870885401608,0.205022991974446,0.366650316728927,0.753039888328075,0.738475159372609,0.452541465045548,0.733841547512641,0.558016689201881,0.469910495645459,0.899584123303904,0.460948687265919,0.412659697282947,0.999999999541767,0.681521127603243,0.492003861010304,0.449728833838885,0.479865649001572,0.272015715888745,0.189644844578949,0.263498823199385,0.2117367669074,0.293029802467002,0.51285875040596,0.589735761891197,0.493514945388925,0.686424716287513,0.347075779856986,0.587584706220996,0.516022743413706,0.593463806107422,0.574660792771482,0.46813986933292,0.224637211995956,0.345911227495185,0.412981773096887,0.531491005654567,0.538945426622398,0.573642363076203,0.560545230713697,0.34384137349023,0.540835753489558,0.574660792771482,0.231119473045532,0.328015970975341,0.21285258750611,0.294751177790548,0.288304005670348,0.297152741663306,0.256479879385715,0.760807567890917,0.617441624163772,0.406427321023975,0.268568091957974,0.433872630213753,0.479740391971579,0.427675229385138,0.269498069696732
"East Ifugao",0.387860115795355,0.183241189065907,0.191981606858197,0.48025761119118,0.708062064413238,0.718876314291967,0.560292641915759,0.697337348973545,0.918871725170975,0.441843520878264,0.613085586377909,0.314146269236644,0.605498025615373,0.681521127603243,0.999999999787164,0.335311026272907,0.306499702073995,0.667226773678167,0.185384457485248,0.258893879248854,0.179580015172733,0.206117354995261,0.272053451041115,0.499247677527816,0.401917381594824,0.336340862201644,0.467812946855369,0.337864522887162,0.400451391709872,0.351680402098466,0.404458122495305,0.391643471637826,0.608781945128925,0.292124400890493,0.444499986763794,0.512718957398266,0.362222349633588,0.690422293357528,0.537153328859901,0.382023417859174,0.234335160665868,0.691500493078738,0.391643471637826,0.216837957043929,0.30725929880494,0.145063535501474,0.277672967953941,0.196485271107254,0.202515871641782,0.240165353639042,0.712413071334719,0.420799512102849,0.395640897109473,0.183034828935082,0.556439471945678,0.326953213018429,0.530960957602461,0.183668628411197
"Central Bontok",0.482617919701652,0.640173368970668,0.395862692133427,0.205694221318083,0.422462347357815,0.414589600621219,0.224889207775152,0.411781047161,0.314683894632359,0.95093076916487,0.504909721949732,0.988788253601736,0.739717715193632,0.492003861010304,0.335311026272907,0.999999999857394,0.253616824900868,0.269402843458063,0.153400936723825,0.106946941620936,0.129147661811101,0.468287892517974,0.553879463673759,0.287925601551943,0.291663558423096,0.24407596487365,0.338076152848763,0.194852876383711,0.287495292693924,0.971335436693655,0.290872126119487,0.281656277720814,0.229447588393745,0.11010057021331,0.170931856396842,0.205076334198385,0.29838599302857,0.266544359491973,0.281157118702593,0.278561375248595,0.193037038400802,0.266371047717986,0.281656277720814,0.113723796647617,0.160740441733127,0.119498222944091,0.599455138488646,0.142585506305836,0.145642327054441,0.125707493953937,0.372891678601396,0.302624281595443,0.22817360685984,0.150708112055925,0.213503829716113,0.238226980856817,0.212372734061181,0.133926307465954
"North Kankanay",0.121020330195718,0.135425976323562,0.099501065257685,0.188175847428991,0.386482467575262,0.410521303976631,0.205736053154778,0.375520511145228,0.311595955545602,0.241172042410511,0.499955129445561,0.256177998938065,0.504016566722474,0.449728833838885,0.306499702073995,0.253616824900868,0.999999999860179,0.626725473639953,0.151895639641335,0.105897489625103,0.127880357955671,0.483326635424211,0.385526756279405,0.28510023700586,0.775890074813753,0.649296469088851,0.334758669544164,0.531906587047843,0.791897279477297,0.251656274802422,0.794018557709034,0.768861266939324,0.227196058561179,0.256132530485502,0.456840127570294,0.187504447979693,0.814529803821102,0.263928805407093,0.278398172117841,0.254837119450962,0.784878774724503,0.263757194311819,0.768861266939324,0.112607844535702,0.159163123346781,0.326204534950146,0.40809603680131,0.379309227909843,0.144213163877967,0.124473947875668,0.369232556513886,0.29965468142308,0.622865039160299,0.137352966895613,0.211408753252924,0.587910091576897,0.194175658647964,0.487879227717959
"Ilongot",0.272758109546609,0.143144596751724,0.110635089623751,0.407475905526164,0.412545352164923,0.456458040317648,0.445500768052443,0.4175407097181,0.673111778343533,0.257435753279184,0.533670171990988,0.273453653545216,0.406239485842544,0.479865649001572,0.667226773678167,0.269402843458063,0.626725473639953,0.999999999828814,0.161340660295846,0.228760503132097,0.142189983864776,0.306622495382771,0.152432617601555,0.31700253852406,0.306777553431836,0.256723972512959,0.357333501010336,0.214530615269121,0.316550622831722,0.26862700180181,0.32024662575592,0.310100090257724,0.512462518166185,0.40868377179016,0.366951385431583,0.407498889723119,0.328519300611621,0.57014086480386,0.309550522330982,0.272022350325476,0.497927221136243,0.571139724141924,0.310100090257724,0.124599419798629,0.176974513803654,0.131566070604913,0.16134746174972,0.149974282067277,0.160350406995137,0.138402401455313,0.410549142116696,0.333185604085265,0.251216328833305,0.152728321817582,0.459449539231849,0.232439897618471,0.421997270799883,0.30640253348385
"Pangasinan",0.386064886666099,0.0818818495007585,0.0601799869974966,0.134969773430608,0.277205878429698,0.248290474813364,0.12444010086401,0.271088128477441,0.223493270244967,0.145873670769793,0.302399437462224,0.154950070921032,0.113473390436407,0.272015715888745,0.185384457485248,0.153400936723825,0.151895639641335,0.161340660295846,0.999999999948702,0.0640524307132037,0.0773442802760653,0.0711902380369765,0.102926316766979,0.17243361678883,0.207143878650294,0.146181448411285,0.202479837469313,0.116693986344812,0.172172311993662,0.152215091811013,0.174198238918417,0.201332351911382,0.164012756914077,0.0787016249959807,0.102373060141964,0.113411463613384,0.178698162649791,0.159638170668547,0.168380090559582,0.154139035732623,0.137985921211973,0.159534371156117,0.201332351911382,0.359228359962316,0.507045156243257,0.0854192154648401,0.0914500228804054,0.0853970027100461,0.104107433642424,0.0752840237974136,0.266548856180685,0.181236399689827,0.136649190186553,0.0992787480404037,0.127869905943875,0.13174445835968,0.117446523976732,0.087878032056419
"Inibaloi",0.182558603880381,0.0571073862671099,0.106385193711686,0.158091198043988,0.162974668242972,0.173111535286193,0.300730993624447,0.158352152702759,0.261779492920374,0.101699137469515,0.210824625168469,0.108026955655362,0.157611495891218,0.189644844578949,0.258893879248854,0.106946941620936,0.105897489625103,0.228760503132097,0.0640524307132037,0.999999999975137,0.259119827166429,0.231395147967525,0.286102983065896,0.304825318849151,0.121783870863395,0.252144315005951,0.141163410210545,0.0813606528785778,0.120043415052276,0.106120202949231,0.121453408978301,0.117605339313857,0.194832931564293,0.0934907052667874,0.14272171398462,0.158110722195771,0.124590817718643,0.385793207756167,0.297659561682184,0.265870136073518,0.0806024512725112,0.385542358308962,0.117605339313857,0.120630424897256,0.31325862453044,0.0498963813968435,0.0637571280675412,0.147298915051671,0.0608128298417991,0.332814333702213,0.15570060339309,0.320386734045401,0.241566196571999,0.0579199733190869,0.178267721196708,0.0918496030872452,0.332133952127512,0.0516651854606503
"North Kallahan",0.0735004287710065,0.0686213617257898,0.1210026359119,0.0962919882834507,0.197768022569894,0.218819103274863,0.240189625172825,0.200162721674516,0.158672000979627,0.123410819186951,0.255833435207,0.131089559099602,0.109806765953604,0.263498823199385,0.179580015172733,0.129147661811101,0.127880357955671,0.142189983864776,0.0773442802760653,0.259119827166429,0.99999999996066,0.0627401597289855,0.0836349655433199,0.151966238045696,0.168319159741764,0.14085633989482,0.39081900391755,0.219843017022371,0.173882815083104,0.147296620792432,0.175601281622313,0.170037617575987,0.138518912499226,0.0664683876512124,0.0987107937482556,0.109824526557335,0.157487200171852,0.153822859687585,0.169736272223619,0.149158397012376,0.101884349187315,0.154379394920507,0.170037617575987,0.0683911938014759,0.0970585768213096,0.0630707908405332,0.0773475407905231,0.0822861544361726,0.0879251636428282,0.897880900560135,0.225116987123342,0.182696129764369,0.120429320867396,0.157152713063898,0.247814017557368,0.127577691927568,0.113731967480144,0.0717121435837089
"Itbayaten",0.349560217729477,0.299624691793362,0.286884217153002,0.08863033623806,0.259138071952779,0.286721583157352,0.244968798566843,0.26227587805925,0.208212439434963,0.493977365107463,0.235477569709685,0.473603891460834,0.53874062711947,0.2117367669074,0.206117354995261,0.468287892517974,0.483326635424211,0.306622495382771,0.0711902380369765,0.231395147967525,0.0627401597289855,0.999999999966671,0.710720707525196,0.412855911467808,0.373174059260539,0.486224324468844,0.157670465401996,0.30024929183155,0.38731663507843,0.465244445467097,0.38835064500567,0.376046335486747,0.1114660392903,0.125311637943106,0.219713838470411,0.0882900757590787,0.398382596502085,0.313653885095388,0.403150598216066,0.303433170928217,0.383657130707503,0.314054255509544,0.376046335486747,0.163142099082419,0.396196885898772,0.15954506392243,0.436864700451138,0.284044934602507,0.183753112800449,0.180251709859853,0.257884163696477,0.371659035502979,0.520970800723566,0.33396523745739,0.0995458776688996,0.283253719303382,0.286402397261364,0.236085740736515
"Ivatanen",0.312628693363763,0.354142397582827,0.256404587342066,0.127481995822905,0.352071899118218,0.334432340143524,0.133873901759755,0.347396948123409,0.283852927437575,0.583015343623816,0.285686333468209,0.55947286901167,0.649199813324717,0.293029802467002,0.272053451041115,0.553879463673759,0.385526756279405,0.152432617601555,0.102926316766979,0.286102983065896,0.0836349655433199,0.710720707525196,0.999999999954345,0.232257713572395,0.496883216743475,0.390184763829517,0.217829828821719,0.350872940311137,0.47635263818325,0.569549866608726,0.477507323837052,0.493183270573211,0.173683305970113,0.0833420440682606,0.274568226311951,0.122121041559781,0.465441835553557,0.171740336345169,0.24978951699362,0.165824312128952,0.322224369619927,0.171628667794329,0.493183270573211,0.101152635419527,0.336568982855284,0.199470733063155,0.51437865478171,0.227940068293452,0.242500859818113,0.111682799784338,0.3720731772892,0.195977000357407,0.410873813242174,0.093775673079842,0.13768983840344,0.353343371860896,0.354660171171343,0.210796087886612
"Kapampangan",0.424675519175086,0.15298648521952,0.349003796998385,0.21467619516299,0.627671942426207,0.694483414485791,0.59335180076908,0.635272187495047,0.504322291650918,0.391678632333971,0.570362596500025,0.292254924569238,0.304682141325801,0.51285875040596,0.499247677527816,0.287925601551943,0.28510023700586,0.31700253852406,0.17243361678883,0.304825318849151,0.151966238045696,0.412855911467808,0.232257713572395,0.999999999804465,0.327870004935983,0.69567705899211,0.381901920232423,0.326400109200809,0.338315020474057,0.287096417001728,0.342265141607258,0.331420982356951,0.26998775159792,0.129553793134148,0.192091413271908,0.213852032375193,0.351106603165945,0.759717558416313,0.976492250540923,0.7349614295095,0.227143969295965,0.760687316636996,0.331420982356951,0.395155051751144,0.558816069288161,0.140611878986537,0.246047310088509,0.406404070691895,0.171375278748915,0.436597139169996,0.624634785343075,0.900214881523157,0.792474186340853,0.163229138078474,0.241115301701158,0.248421273092409,0.221460662331209,0.139774418235801
"Tina",0.159353730378385,0.155742120709703,0.130965661696309,0.256563295977209,0.52693912142093,0.472106313811689,0.269427296450016,0.515331383266736,0.424837121550844,0.277351851988459,0.57495669760856,0.294608951078751,0.60956180927923,0.589735761891197,0.401917381594824,0.291663558423096,0.775890074813753,0.306777553431836,0.207143878650294,0.121783870863395,0.168319159741764,0.373174059260539,0.496883216743475,0.327870004935983,0.999999999815081,0.785264526180862,0.438392405776652,0.611701404228127,0.958681279708542,0.329563383348418,0.961005136934519,0.992553690410429,0.34954552717481,0.167729641994692,0.5525810029792,0.245774132484285,0.936722794774808,0.3456352127173,0.366434276170449,0.333728945781062,0.648491151867597,0.345410474696276,0.992553690410429,0.148276575246706,0.209533261025957,0.401443893283857,0.469317216313878,0.45873972108786,0.221874739873892,0.163835562013686,0.568071424445069,0.394412597801367,0.716305133975712,0.188727793386677,0.277107041939849,0.711119554649543,0.25451851712291,0.424236683300477
"Iraya",0.312757598751928,0.130331360519921,0.256633428329974,0.181096824096892,0.371943309428761,0.395077824228795,0.517333514703692,0.361393732942234,0.299873967471752,0.23209934504498,0.481147221448271,0.246540789613041,0.510106190685317,0.493514945388925,0.336340862201644,0.24407596487365,0.649296469088851,0.256723972512959,0.146181448411285,0.252144315005951,0.14085633989482,0.486224324468844,0.390184763829517,0.69567705899211,0.785264526180862,0.999999999870501,0.366864650533081,0.511896691029684,0.802263606798917,0.275792084594561,0.804208305333457,0.778728167646012,0.25024957514288,0.120082416693341,0.462422327290465,0.205673821066329,0.783887850752465,0.663662077886971,0.718045351239699,0.640800582401978,0.507126315184312,0.663230553272207,0.778728167646012,0.29101688121866,0.410893200081718,0.31393298392179,0.39274379364269,0.584184953896645,0.15884643078299,0.321043557658287,0.406698474357223,0.772870200031627,0.933304368945551,0.132185859263605,0.231894478007948,0.595093855329042,0.212991478882297,0.333138018156306
"Siocon Subanon",0.184711783674292,0.181599123101142,0.304088194892578,0.252019216138793,0.51760632332413,0.549907905821817,0.61458020904651,0.503023097408269,0.415363459952369,0.322995697443196,0.669577427399131,0.343092800514286,0.28595237337964,0.686424716287513,0.467812946855369,0.338076152848763,0.334758669544164,0.357333501010336,0.202479837469313,0.141163410210545,0.39081900391755,0.157670465401996,0.217829828821719,0.381901920232423,0.438392405776652,0.366864650533081,0.999999999751546,0.552481073650637,0.436979830714615,0.383581266048652,0.441298458849651,0.427316577019408,0.348107838646898,0.167039766248596,0.257156359941057,0.286065997088698,0.395776489112554,0.400636348387748,0.426559274804207,0.388429595057301,0.256042586158302,0.402025813196083,0.427316577019408,0.171871914299874,0.243915078388051,0.158501364804491,0.202499195400982,0.214316808990175,0.220962164135767,0.190717907863869,0.565734934032672,0.459128314768122,0.302647413558939,0.394935899346856,0.634127047924912,0.33230864535513,0.296243923810442,0.186748580384964
"Sindangan",0.138208969369704,0.10353319236518,0.299783803087325,0.145281537635307,0.42477529872762,0.469989782738845,0.52778781420273,0.429918744135278,0.341298754345368,0.265067460888301,0.385991353031832,0.197782734090696,0.459416645426577,0.347075779856986,0.337864522887162,0.194852876383711,0.531906587047843,0.214530615269121,0.116693986344812,0.0813606528785778,0.219843017022371,0.30024929183155,0.350872940311137,0.326400109200809,0.611701404228127,0.511896691029684,0.552481073650637,0.999999999910448,0.634883705548476,0.194291727969625,0.636578639343607,0.616409596979562,0.182713484676163,0.0876751810252012,0.360151677717853,0.144723787685541,0.653022866011787,0.202775533185738,0.318727177272149,0.196747505413165,0.422464871027812,0.203634266968173,0.616409596979562,0.128601649913187,0.182300450575325,0.26152391148305,0.372109096965076,0.299042344885035,0.115977758923002,0.142505353924637,0.422719910840774,0.240985479191544,0.576326526132075,0.369030059484056,0.545115873171003,0.665083161421474,0.328860781878013,0.259966318960781
"Binukid",0.163906675123135,0.152164688000533,0.135294627004623,0.214370154896668,0.440281298419086,0.487146292182985,0.268559155773808,0.445612500183922,0.353219351579966,0.274743484853946,0.569549493206858,0.291838288831321,0.623811672676441,0.587584706220996,0.400451391709872,0.287495292693924,0.791897279477297,0.316550622831722,0.172172311993662,0.120043415052276,0.173882815083104,0.38731663507843,0.47635263818325,0.338315020474057,0.958681279708542,0.802263606798917,0.436979830714615,0.634883705548476,0.999999999799478,0.328501473948922,0.99758997778564,0.965982830955582,0.308925396124151,0.148238046454039,0.564514541768636,0.244910738744662,0.972222778803501,0.343038261198127,0.378546468393422,0.332653614229306,0.628967211172633,0.344297503267006,0.965982830955582,0.152513031164253,0.216456981515256,0.389357734911841,0.47982883409933,0.468670328217641,0.196091028426645,0.169251015614453,0.50205674562974,0.407449591091325,0.743451714542545,0.162978690384112,0.276133577064432,0.727710095039825,0.253624404743824,0.407396318913078
"Ata",0.496470140296097,0.621864751642755,0.407700661958166,0.189456533561149,0.389112787795903,0.413395641870785,0.235741454727473,0.378149784765787,0.312251273922668,0.924806911767247,0.503357721274936,0.982349287639883,0.745480550397489,0.516022743413706,0.351680402098466,0.971335436693655,0.251656274802422,0.26862700180181,0.152215091811013,0.106120202949231,0.147296620792432,0.465244445467097,0.569549866608726,0.287096417001728,0.329563383348418,0.275792084594561,0.383581266048652,0.194291727969625,0.328501473948922,0.99999999985959,0.33174802129061,0.321237081271825,0.261691570295867,0.125572865294764,0.193318403588106,0.215051348101559,0.297526684047076,0.301180104232199,0.320667776062648,0.292003624725556,0.192481119340385,0.302224640399429,0.321237081271825,0.129205453450094,0.18336421302516,0.11915408515386,0.582964556586354,0.161113586245156,0.166109260660443,0.143373010459784,0.425293678642055,0.345151692440081,0.227516499507897,0.138319882775315,0.242467514116964,0.249814458541424,0.222702648447438,0.140389051393953
"Tigwa",0.165540945058629,0.154552092566683,0.136631730325212,0.216873112282319,0.445421964237066,0.492834147428228,0.27121329915641,0.450815412403876,0.357368160076286,0.277951353201623,0.576199477255547,0.295245753834111,0.625318704520792,0.593463806107422,0.404458122495305,0.290872126119487,0.794018557709034,0.32024662575592,0.174198238918417,0.121453408978301,0.175601281622313,0.38835064500567,0.477507323837052,0.342265141607258,0.961005136934519,0.804208305333457,0.441298458849651,0.636578639343607,0.99758997778564,0.33174802129061,0.999999999800443,0.968316495026343,0.31197847503886,0.149703068299622,0.565890221107258,0.247351698765457,0.974818298628463,0.34644670771028,0.38228760542974,0.335941196759749,0.630646349844689,0.347700161192848,0.968316495026343,0.154033698101187,0.21859965719204,0.390397193914332,0.481116662822476,0.46980639184147,0.198028976525945,0.170923706540934,0.507018522431963,0.411476374809951,0.745436489746318,0.164899564962815,0.278885726788331,0.729477492356697,0.256152211549894,0.408380524968749
"Dibabawon",0.160296027733922,0.149655340602618,0.132302758243749,0.250397223603395,0.514275015485591,0.477219434363513,0.262620311295552,0.5205021795283,0.412935295328056,0.269144880173401,0.557943458365795,0.285891333580844,0.605506416355385,0.574660792771482,0.391643471637826,0.281656277720814,0.768861266939324,0.310100090257724,0.201332351911382,0.117605339313857,0.170037617575987,0.376046335486747,0.493183270573211,0.331420982356951,0.992553690410429,0.778728167646012,0.427316577019408,0.616409596979562,0.965982830955582,0.321237081271825,0.968316495026343,0.999999999812888,0.35289723711908,0.169337962128535,0.547960835580117,0.239514730034615,0.943932638403979,0.335470061790125,0.370175394255533,0.325297402245961,0.653406723791324,0.336683801473284,0.999999999812888,0.149153370690478,0.2116736539078,0.404486843561852,0.465873200734549,0.454921278778165,0.224002244631438,0.165508244467063,0.57351852788148,0.398439361121731,0.721818449158956,0.190626518475785,0.270049649529946,0.706365088739203,0.248036411730191,0.421742815482845
"Ilianen",0.248840456722322,0.121914758190534,0.322905693214632,0.379950565117361,0.41894738875006,0.388760546143929,0.406328913164636,0.424020266172793,0.62777317859016,0.219255342660715,0.454521312366268,0.232897621042334,0.370519784933922,0.46813986933292,0.608781945128925,0.229447588393745,0.227196058561179,0.512462518166185,0.164012756914077,0.194832931564293,0.138518912499226,0.1114660392903,0.173683305970113,0.26998775159792,0.34954552717481,0.25024957514288,0.348107838646898,0.182713484676163,0.308925396124151,0.261691570295867,0.31197847503886,0.35289723711908,0.999999999875826,0.479850631553339,0.334823772145577,0.371761634422998,0.279796457598424,0.520092446223334,0.301558524391193,0.264999257464024,0.629091196693651,0.52092072566225,0.35289723711908,0.121505834991883,0.172437162800508,0.133607763213082,0.137417948216071,0.146192036536266,0.182480487354096,0.134829118168388,0.467209338234714,0.324583393883318,0.213958323809631,0.155291390277295,0.419156262624808,0.226658333068898,0.3849885216161,0.403134937414004
"Western Bukidnon",0.119406250325463,0.0585008737196267,0.154946500834825,0.182319518650841,0.201032169112522,0.186546993623072,0.194977185622998,0.203466392548275,0.301237356262302,0.105209814660382,0.218102338836162,0.111756070558907,0.177794152823247,0.224637211995956,0.292124400890493,0.11010057021331,0.256132530485502,0.40868377179016,0.0787016249959807,0.0934907052667874,0.0664683876512124,0.125311637943106,0.0833420440682606,0.129553793134148,0.167729641994692,0.120082416693341,0.167039766248596,0.0876751810252012,0.148238046454039,0.125572865294764,0.149703068299622,0.169337962128535,0.479850631553339,0.999999999971408,0.160665398540177,0.178390055085003,0.134260506904268,0.249566688819235,0.144703048399482,0.127160061071699,0.418506448711629,0.249964139231142,0.169337962128535,0.0583046516636172,0.0827440814817695,0.0641117695642032,0.0659400892449162,0.0701503410668792,0.0875633771118314,0.0646978375110252,0.224190696056437,0.155751546569185,0.102668036818857,0.0745166717067283,0.201132397363727,0.108762144282932,0.184736985259142,0.265217618092161
"Sarangani Manobo",0.178655843874124,0.653621096392447,0.416505736855357,0.870361728270384,0.260480217252394,0.276596113314765,0.296659485926052,0.253013699522838,0.419948659833355,0.162544361701035,0.336958158940831,0.172658028282026,0.485355703548418,0.345911227495185,0.444499986763794,0.170931856396842,0.456840127570294,0.366951385431583,0.102373060141964,0.14272171398462,0.0987107937482556,0.219713838470411,0.274568226311951,0.192091413271908,0.5525810029792,0.462422327290465,0.257156359941057,0.360151677717853,0.564514541768636,0.193318403588106,0.565890221107258,0.547960835580117,0.334823772145577,0.160665398540177,0.999999999935539,0.891502768142266,0.551514650403411,0.380570067974695,0.214895430290489,0.195761878562168,0.356795416788224,0.380322614703742,0.547960835580117,0.0869551851744633,0.122879738832801,0.220871697024628,0.776325197907074,0.270140165979659,0.111318079671933,0.0960813872607205,0.285010452859815,0.231303320755892,0.421739257059771,0.565824538972762,0.307106608268523,0.419857408891452,0.282072653179856,0.234425131991874
"Kalamansig",0.197919459560674,0.735337892276642,0.461781446889953,0.976532055613433,0.313876684037714,0.307929646472007,0.342120200251374,0.3059115577056,0.465229740009965,0.195864721698289,0.375055582475613,0.192179223588471,0.311969684931292,0.412981773096887,0.512718957398266,0.205076334198385,0.187504447979693,0.407498889723119,0.113411463613384,0.158110722195771,0.109824526557335,0.0882900757590787,0.122121041559781,0.213852032375193,0.245774132484285,0.205673821066329,0.286065997088698,0.144723787685541,0.244910738744662,0.215051348101559,0.247351698765457,0.239514730034615,0.371761634422998,0.178390055085003,0.891502768142266,0.999999999920888,0.221621317095823,0.421605140614199,0.239090255428667,0.23355883041095,0.143375103716412,0.422262055556003,0.239514730034615,0.0963311520213133,0.136715383523903,0.0887553510470681,0.676766613760098,0.120151551691527,0.123851252056711,0.106899078268921,0.317099446375925,0.257345491089406,0.169472215384504,0.636277042939731,0.340972276349075,0.201112442638318,0.32529805103021,0.11229005350974
"Magindanao",0.148313937598091,0.158544513118023,0.122537537680647,0.222475421873342,0.456928193458841,0.505565137643721,0.243236397473042,0.46246096625683,0.36659976582715,0.285131448121809,0.591083977335402,0.30287260116862,0.609572115764335,0.531491005654567,0.362222349633588,0.29838599302857,0.814529803821102,0.328519300611621,0.178698162649791,0.124590817718643,0.157487200171852,0.398382596502085,0.465441835553557,0.351106603165945,0.936722794774808,0.783887850752465,0.395776489112554,0.653022866011787,0.972222778803501,0.297526684047076,0.974818298628463,0.943932638403979,0.279796457598424,0.134260506904268,0.551514650403411,0.221621317095823,0.99999999979,0.31051827386026,0.34285287717239,0.301287314142477,0.646937332424647,0.311833287203539,0.943932638403979,0.138004191531557,0.196013952059783,0.400482012271273,0.493544964635606,0.457935488018014,0.177601374989033,0.153292138516534,0.454717225267608,0.369030690475604,0.764692754167118,0.16915928348971,0.249875066144731,0.71100927033766,0.22950637001494,0.398096808623692
"Maranao",0.473432161294942,0.142329004126332,0.280257799305879,0.39401142740739,0.406182522845645,0.431446683667341,0.779513447977043,0.394661805887822,0.652434246455516,0.253465232824477,0.525439192782063,0.269236083487627,0.420172188777474,0.538945426622398,0.690422293357528,0.266544359491973,0.263928805407093,0.57014086480386,0.159638170668547,0.385793207756167,0.153822859687585,0.313653885095388,0.171740336345169,0.759717558416313,0.3456352127173,0.663662077886971,0.400636348387748,0.202775533185738,0.343038261198127,0.301180104232199,0.34644670771028,0.335470061790125,0.520092446223334,0.249566688819235,0.380570067974695,0.421605140614199,0.31051827386026,0.999999999845562,0.784144962127294,0.699789431896035,0.200885863800327,0.999349782469776,0.335470061790125,0.317806418368373,0.448717942762441,0.124356983186444,0.158902186512708,0.387701400425481,0.173469027041527,0.350597198252903,0.444137071871558,0.844016708256834,0.602056554069831,0.144354218612812,0.475354148141933,0.260914911112403,0.436605407232686,0.146631136300812
"Hanunoo",0.434954042750602,0.149390117283276,0.357405598189824,0.209629640992908,0.612916787781856,0.67815767250855,0.612366450555924,0.620338368195296,0.492466809668566,0.382471149251047,0.556954655591328,0.285384669079905,0.327577786392557,0.573642363076203,0.537153328859901,0.281157118702593,0.278398172117841,0.309550522330982,0.168380090559582,0.297659561682184,0.169736272223619,0.403150598216066,0.24978951699362,0.976492250540923,0.366434276170449,0.718045351239699,0.426559274804207,0.318727177272149,0.378546468393422,0.320667776062648,0.38228760542974,0.370175394255533,0.301558524391193,0.144703048399482,0.214895430290489,0.239090255428667,0.34285287717239,0.784144962127294,0.99999999981355,0.758514124843347,0.22180432581765,0.785064427997941,0.370175394255533,0.404719084364266,0.57228201887169,0.137306410190831,0.240263291614311,0.4194712904685,0.191414891493104,0.447107633312664,0.671573592717727,0.929063316269271,0.773844901866142,0.159391988426894,0.269571060098088,0.27773926194632,0.247596834765074,0.156118813024983
"Buhid",0.329782986922348,0.152589505956617,0.271097194571676,0.207580051195259,0.426335534030134,0.418620813848219,0.563671656824227,0.415625125723268,0.316198017529209,0.266041075910703,0.509719981524755,0.261181528492027,0.233364151549375,0.560545230713697,0.382023417859174,0.278561375248595,0.254837119450962,0.272022350325476,0.154139035732623,0.265870136073518,0.149158397012376,0.303433170928217,0.165824312128952,0.7349614295095,0.333728945781062,0.640800582401978,0.388429595057301,0.196747505413165,0.332653614229306,0.292003624725556,0.335941196759749,0.325297402245961,0.264999257464024,0.127160061071699,0.195761878562168,0.23355883041095,0.301287314142477,0.699789431896035,0.758514124843347,0.999999999856018,0.194914011343167,0.700590463165777,0.325297402245961,0.306858783659046,0.434051424817914,0.120660149862313,0.166885578749904,0.374346058737017,0.168208821870628,0.339137455251929,0.430669237517852,0.816428882078253,0.582437960952985,0.152119873092497,0.49776470660911,0.53118900140613,0.473540235140949,0.152404484351756
"Kalamianen",0.095949823167063,0.102568364405314,0.260263051731742,0.171613211886062,0.352465518322093,0.327068961592257,0.157358706158969,0.356733391611819,0.283010934843205,0.184462178474077,0.382394291634323,0.195939592703253,0.394354958564426,0.34384137349023,0.234335160665868,0.193037038400802,0.784878774724503,0.497927221136243,0.137985921211973,0.0806024512725112,0.101884349187315,0.383657130707503,0.322224369619927,0.227143969295965,0.648491151867597,0.507126315184312,0.256042586158302,0.422464871027812,0.628967211172633,0.192481119340385,0.630646349844689,0.653406723791324,0.629091196693651,0.418506448711629,0.356795416788224,0.143375103716412,0.646937332424647,0.200885863800327,0.22180432581765,0.194914011343167,0.999999999912109,0.201736595024892,0.653406723791324,0.0892800635475056,0.126808743285869,0.277220671177803,0.31929266290807,0.296255563091277,0.136998245200866,0.0991704071901267,0.350760020476382,0.2387397305295,0.49470829060059,0.130648529704992,0.161653508761361,0.459978440768247,0.148476238819098,0.615356060979411
"Batak",0.47312432747734,0.143082403999474,0.28058642155543,0.39468271937873,0.407823318771215,0.433273816540679,0.780020630944972,0.396333158540847,0.652010022371859,0.254489119126558,0.527561732374905,0.270323676980578,0.420823656263944,0.540835753489558,0.691500493078738,0.266371047717986,0.263757194311819,0.571139724141924,0.159534371156117,0.385542358308962,0.154379394920507,0.314054255509544,0.171628667794329,0.760687316636996,0.345410474696276,0.663230553272207,0.402025813196083,0.203634266968173,0.344297503267006,0.302224640399429,0.347700161192848,0.336683801473284,0.52092072566225,0.249964139231142,0.380322614703742,0.422262055556003,0.311833287203539,0.999349782469776,0.785064427997941,0.700590463165777,0.201736595024892,0.999999999845762,0.336683801473284,0.317599775112964,0.44924454586469,0.124883622376417,0.159549623318976,0.387449310238251,0.17409664263498,0.351008298462291,0.445743971712401,0.845006378018147,0.602825062426847,0.144971009473554,0.476094810938668,0.261826814114606,0.437285694515869,0.147139674291715
"Tagbanwa",0.160296027733922,0.149655340602618,0.132302758243749,0.250397223603395,0.514275015485591,0.477219434363513,0.262620311295552,0.5205021795283,0.412935295328056,0.269144880173401,0.557943458365795,0.285891333580844,0.605506416355385,0.574660792771482,0.391643471637826,0.281656277720814,0.768861266939324,0.310100090257724,0.201332351911382,0.117605339313857,0.170037617575987,0.376046335486747,0.493183270573211,0.331420982356951,0.992553690410429,0.778728167646012,0.427316577019408,0.616409596979562,0.965982830955582,0.321237081271825,0.968316495026343,0.999999999812888,0.35289723711908,0.169337962128535,0.547960835580117,0.239514730034615,0.943932638403979,0.335470061790125,0.370175394255533,0.325297402245961,0.653406723791324,0.336683801473284,0.999999999812888,0.149153370690478,0.2116736539078,0.404486843561852,0.465873200734549,0.454921278778165,0.224002244631438,0.165508244467063,0.57351852788148,0.398439361121731,0.721818449158956,0.190626518475785,0.270049649529946,0.706365088739203,0.248036411730191,0.421742815482845
"Tagalog",0.704472940707097,0.0599961045589386,0.14464886646272,0.0843795430959992,0.247302758580014,0.273626479987839,0.24773437700515,0.250297255298213,0.199384308040026,0.154321389407701,0.224183847031316,0.114872247408016,0.13224141564586,0.231119473045532,0.216837957043929,0.113723796647617,0.112607844535702,0.124599419798629,0.359228359962316,0.120630424897256,0.0683911938014759,0.163142099082419,0.101152635419527,0.395155051751144,0.148276575246706,0.29101688121866,0.171871914299874,0.128601649913187,0.152513031164253,0.129205453450094,0.154033698101187,0.149153370690478,0.121505834991883,0.0583046516636172,0.0869551851744633,0.0963311520213133,0.138004191531557,0.317806418368373,0.404719084364266,0.306858783659046,0.0892800635475056,0.317599775112964,0.149153370690478,0.999999999969301,0.549388553281149,0.0552681963337366,0.0969396781714286,0.170007683355187,0.0771260778216667,0.180952991989229,0.271110698915423,0.375854885019771,0.313150178168525,0.0641540237795251,0.108612083434919,0.111903109631889,0.0997585128973509,0.0629043625014797
"Naga",0.590431194186147,0.0853734390815248,0.204536797315778,0.11984829976469,0.350566297922262,0.387881731094306,0.350420014163606,0.354811174261785,0.281672259977324,0.218759703637582,0.318419037537858,0.163158545741781,0.187380381951875,0.328015970975341,0.30725929880494,0.160740441733127,0.159163123346781,0.176974513803654,0.507045156243257,0.31325862453044,0.0970585768213096,0.396196885898772,0.336568982855284,0.558816069288161,0.209533261025957,0.410893200081718,0.243915078388051,0.182300450575325,0.216456981515256,0.18336421302516,0.21859965719204,0.2116736539078,0.172437162800508,0.0827440814817695,0.122879738832801,0.136715383523903,0.196013952059783,0.448717942762441,0.57228201887169,0.434051424817914,0.126808743285869,0.44924454586469,0.2116736539078,0.549388553281149,0.999999999938879,0.0785000619660806,0.137421172940342,0.240037625173223,0.109454842547365,0.255871659081547,0.384152166436134,0.531646337188998,0.442847309901997,0.0911256760711046,0.154144763459399,0.15881546342772,0.405611245221042,0.0892718427751822
"Mansakan",0.0593970641852276,0.0634942256578729,0.0490740796753204,0.106235953596154,0.218191303795533,0.202469743710207,0.09741180193401,0.220833300782965,0.175195931661674,0.114190016126513,0.236718500732911,0.121295028800756,0.244122667585024,0.21285258750611,0.145063535501474,0.119498222944091,0.326204534950146,0.131566070604913,0.0854192154648401,0.0498963813968435,0.0630707908405332,0.15954506392243,0.199470733063155,0.140611878986537,0.401443893283857,0.31393298392179,0.158501364804491,0.26152391148305,0.389357734911841,0.11915408515386,0.390397193914332,0.404486843561852,0.133607763213082,0.0641117695642032,0.220871697024628,0.0887553510470681,0.400482012271273,0.124356983186444,0.137306410190831,0.120660149862313,0.277220671177803,0.124883622376417,0.404486843561852,0.0552681963337366,0.0785000619660806,0.999999999966319,0.197655880612561,0.183394925757897,0.0848078015664881,0.0613907441068876,0.217135527331578,0.147790153542828,0.306245693013349,0.0808770547821081,0.100070469323194,0.284746423377863,0.0919131729077437,0.170589420250838
"Kalagan",0.320633572920272,0.886709975076991,0.566726695657075,0.674175352844574,0.348887365381484,0.354288244868391,0.134730687484065,0.343624534718796,0.264831006584541,0.630502118250918,0.30242834813163,0.593439180785405,0.682377324729126,0.294751177790548,0.277672967953941,0.599455138488646,0.40809603680131,0.16134746174972,0.0914500228804054,0.0637571280675412,0.0773475407905231,0.436864700451138,0.51437865478171,0.246047310088509,0.469317216313878,0.39274379364269,0.202499195400982,0.372109096965076,0.47982883409933,0.582964556586354,0.481116662822476,0.465873200734549,0.137417948216071,0.0659400892449162,0.776325197907074,0.676766613760098,0.493544964635606,0.158902186512708,0.240263291614311,0.166885578749904,0.31929266290807,0.159549623318976,0.465873200734549,0.0969396781714286,0.137421172940342,0.197655880612561,0.999999999948561,0.229435015007492,0.0872263243076756,0.107423551700357,0.318655215033098,0.181244039865651,0.435741449530035,0.51306586019767,0.128834683433377,0.368180305959726,0.128105940603005,0.205571498783279
"Mamanwa",0.182708283426691,0.0761376198452886,0.633497007521934,0.105794039848311,0.217283685105955,0.230798520572136,0.302218455473083,0.211120781251767,0.175181859887704,0.135588945202086,0.281078967431831,0.144025419832853,0.297996361522895,0.288304005670348,0.196485271107254,0.142585506305836,0.379309227909843,0.149974282067277,0.0853970027100461,0.147298915051671,0.0822861544361726,0.284044934602507,0.227940068293452,0.406404070691895,0.45873972108786,0.584184953896645,0.214316808990175,0.299042344885035,0.468670328217641,0.161113586245156,0.46980639184147,0.454921278778165,0.146192036536266,0.0701503410668792,0.270140165979659,0.120151551691527,0.457935488018014,0.387701400425481,0.4194712904685,0.374346058737017,0.296255563091277,0.387449310238251,0.454921278778165,0.170007683355187,0.240037625173223,0.183394925757897,0.229435015007492,0.999999999955806,0.793672313169887,0.187548815949028,0.237587129530544,0.451499142239123,0.54522236981383,0.0772209901080199,0.135469264960637,0.34764487648287,0.124426417286069,0.194614217797897
"Tausug",0.082887861349107,0.077385642661015,0.582929938971746,0.129478507022577,0.265927713773946,0.246766553554193,0.135798973052501,0.269147733116731,0.213525712340731,0.13917277818301,0.288508334715588,0.14783224235008,0.123831223078871,0.297152741663306,0.202515871641782,0.145642327054441,0.144213163877967,0.160350406995137,0.104107433642424,0.0608128298417991,0.0879251636428282,0.183753112800449,0.242500859818113,0.171375278748915,0.221874739873892,0.15884643078299,0.220962164135767,0.115977758923002,0.196091028426645,0.166109260660443,0.198028976525945,0.224002244631438,0.182480487354096,0.0875633771118314,0.111318079671933,0.123851252056711,0.177601374989033,0.173469027041527,0.191414891493104,0.168208821870628,0.136998245200866,0.17409664263498,0.224002244631438,0.0771260778216667,0.109454842547365,0.0848078015664881,0.0872263243076756,0.793672313169887,0.999999999949969,0.0855830591279866,0.296562085137316,0.206029974600569,0.135810484609316,0.0985715282926326,0.13964062756047,0.143871841518639,0.128257749091518,0.0944713373380804
"Cebuano",0.194471272678951,0.06679346178847,0.159798771158558,0.0937270126706054,0.27403977446324,0.30320947203949,0.273793714470984,0.277358019718527,0.220185669798695,0.171005770380926,0.249018677988924,0.127597663998291,0.146462528821755,0.256479879385715,0.240165353639042,0.125707493953937,0.124473947875668,0.138402401455313,0.0752840237974136,0.332814333702213,0.897880900560135,0.180251709859853,0.111682799784338,0.436597139169996,0.163835562013686,0.321043557658287,0.190717907863869,0.142505353924637,0.169251015614453,0.143373010459784,0.170923706540934,0.165508244467063,0.134829118168388,0.0646978375110252,0.0960813872607205,0.106899078268921,0.153292138516534,0.350597198252903,0.447107633312664,0.339137455251929,0.0991704071901267,0.351008298462291,0.165508244467063,0.180952991989229,0.255871659081547,0.0613907441068876,0.107423551700357,0.187548815949028,0.0855830591279866,0.999999999962728,0.30026567970139,0.415391300615488,0.34599196268223,0.0712653747241416,0.120527278709214,0.124179344106863,0.110702434824445,0.0698019130160412
"Waray",0.291364304481013,0.198132388958304,0.240024161687904,0.33150704746736,0.922736432125404,0.899423617711752,0.347689494114057,0.933909502870702,0.74170352200659,0.507261952033531,0.738675077394244,0.378498573293536,0.43445825311417,0.760807567890917,0.712413071334719,0.372891678601396,0.369232556513886,0.410549142116696,0.266548856180685,0.15570060339309,0.225116987123342,0.257884163696477,0.3720731772892,0.624634785343075,0.568071424445069,0.406698474357223,0.565734934032672,0.422719910840774,0.50205674562974,0.425293678642055,0.507018522431963,0.57351852788148,0.467209338234714,0.224190696056437,0.285010452859815,0.317099446375925,0.454717225267608,0.444137071871558,0.671573592717727,0.430669237517852,0.350760020476382,0.445743971712401,0.57351852788148,0.271110698915423,0.384152166436134,0.217135527331578,0.318655215033098,0.237587129530544,0.296562085137316,0.30026567970139,0.999999999672034,0.527503677141569,0.495006943377665,0.252375139788143,0.357525377863618,0.368358660379399,0.328381510520198,0.241877318734048
"Hiligaynon",0.403933513497728,0.160796486779744,0.332052430372389,0.225635473145885,0.463418422837186,0.512746208446271,0.659122408240004,0.469029783398114,0.371806966005318,0.28918146851444,0.599479761726447,0.30717461772684,0.257303873689194,0.617441624163772,0.420799512102849,0.302624281595443,0.29965468142308,0.333185604085265,0.181236399689827,0.320386734045401,0.182696129764369,0.371659035502979,0.195977000357407,0.900214881523157,0.394412597801367,0.772870200031627,0.459128314768122,0.240985479191544,0.407449591091325,0.345151692440081,0.411476374809951,0.398439361121731,0.324583393883318,0.155751546569185,0.231303320755892,0.257345491089406,0.369030690475604,0.844016708256834,0.929063316269271,0.816428882078253,0.2387397305295,0.845006378018147,0.398439361121731,0.375854885019771,0.531646337188998,0.147790153542828,0.181244039865651,0.451499142239123,0.206029974600569,0.415391300615488,0.527503677141569,0.999999999783991,0.713397055907963,0.171562029845102,0.29015359375468,0.298945461546016,0.266501572473286,0.16803893799146
"Kuyunon",0.33654438657512,0.121237840417116,0.276576500102937,0.170125343119277,0.497413811966536,0.550360178939283,0.470215985614438,0.503436809995029,0.399662397808561,0.310395205524288,0.45199763468153,0.231604483596109,0.53797898693848,0.406427321023975,0.395640897109473,0.22817360685984,0.622865039160299,0.251216328833305,0.136649190186553,0.241566196571999,0.120429320867396,0.520970800723566,0.410873813242174,0.792474186340853,0.716305133975712,0.933304368945551,0.302647413558939,0.576326526132075,0.743451714542545,0.227516499507897,0.745436489746318,0.721818449158956,0.213958323809631,0.102668036818857,0.421739257059771,0.169472215384504,0.764692754167118,0.602056554069831,0.773844901866142,0.582437960952985,0.49470829060059,0.602825062426847,0.721818449158956,0.313150178168525,0.442847309901997,0.306245693013349,0.435741449530035,0.54522236981383,0.135810484609316,0.34599196268223,0.495006943377665,0.713397055907963,0.999999999877201,0.12935487840845,0.191077652565124,0.543703637279325,0.175501858219317,0.304421745066466
"Tiruray",0.0689467165738767,0.557328804335741,0.477556512493557,0.653889515119865,0.271879668752869,0.235036769231641,0.387497259656803,0.275171758095023,0.203623645578879,0.143962781261487,0.274794399448978,0.140805194746627,0.111986932255655,0.268568091957974,0.183034828935082,0.150708112055925,0.137352966895613,0.152728321817582,0.0992787480404037,0.0579199733190869,0.157152713063898,0.33396523745739,0.093775673079842,0.163229138078474,0.188727793386677,0.132185859263605,0.394935899346856,0.369030059484056,0.162978690384112,0.138319882775315,0.164899564962815,0.190626518475785,0.155291390277295,0.0745166717067283,0.565824538972762,0.636277042939731,0.16915928348971,0.144354218612812,0.159391988426894,0.152119873092497,0.130648529704992,0.144971009473554,0.190626518475785,0.0641540237795251,0.0911256760711046,0.0808770547821081,0.51306586019767,0.0772209901080199,0.0985715282926326,0.0712653747241416,0.252375139788143,0.171562029845102,0.12935487840845,0.99999999995391,0.391071072199792,0.275026973777933,0.245178905224679,0.0861895511790226
"Tboli",0.223151539290548,0.114462873140057,0.293316501951481,0.317523955712594,0.326893129895438,0.347186551311558,0.762348824053248,0.31758564037467,0.524540299556109,0.203987219085238,0.422870144921854,0.216679500127606,0.338636069302453,0.433872630213753,0.556439471945678,0.213503829716113,0.211408753252924,0.459449539231849,0.127869905943875,0.178267721196708,0.247814017557368,0.0995458776688996,0.13768983840344,0.241115301701158,0.277107041939849,0.231894478007948,0.634127047924912,0.545115873171003,0.276133577064432,0.242467514116964,0.278885726788331,0.270049649529946,0.419156262624808,0.201132397363727,0.307106608268523,0.340972276349075,0.249875066144731,0.475354148141933,0.269571060098088,0.49776470660911,0.161653508761361,0.476094810938668,0.270049649529946,0.108612083434919,0.154144763459399,0.100070469323194,0.128834683433377,0.135469264960637,0.13964062756047,0.120527278709214,0.357525377863618,0.29015359375468,0.191077652565124,0.391071072199792,0.999999999899431,0.641384075285746,0.736402538956696,0.118046599396469
"Cotabato Bilaan",0.120262947341058,0.13028424980946,0.202808249711033,0.177528686616728,0.364614937609754,0.357706559760842,0.424569677384333,0.355362246383018,0.270261032081007,0.22752630862538,0.435683422050724,0.223245048717285,0.476213738822636,0.479740391971579,0.326953213018429,0.238226980856817,0.587910091576897,0.232439897618471,0.13174445835968,0.0918496030872452,0.127577691927568,0.283253719303382,0.353343371860896,0.248421273092409,0.711119554649543,0.595093855329042,0.33230864535513,0.665083161421474,0.727710095039825,0.249814458541424,0.729477492356697,0.706365088739203,0.226658333068898,0.108762144282932,0.419857408891452,0.201112442638318,0.71100927033766,0.260914911112403,0.27773926194632,0.53118900140613,0.459978440768247,0.261826814114606,0.706365088739203,0.111903109631889,0.15881546342772,0.284746423377863,0.368180305959726,0.34764487648287,0.143871841518639,0.124179344106863,0.368358660379399,0.298945461546016,0.543703637279325,0.275026973777933,0.641384075285746,0.999999999893244,0.603180876811753,0.311003677403978
"Sarangani Bilaan",0.204961225366112,0.116144788627679,0.180797919387817,0.30371472520848,0.325044085694115,0.318885458798582,0.537518281025004,0.316795568560692,0.481782123903312,0.202833382095501,0.388399664867765,0.199016757846642,0.32306923757003,0.427675229385138,0.530960957602461,0.212372734061181,0.194175658647964,0.421997270799883,0.117446523976732,0.332133952127512,0.113731967480144,0.286402397261364,0.354660171171343,0.221460662331209,0.25451851712291,0.212991478882297,0.296243923810442,0.328860781878013,0.253624404743824,0.222702648447438,0.256152211549894,0.248036411730191,0.3849885216161,0.184736985259142,0.282072653179856,0.32529805103021,0.22950637001494,0.436605407232686,0.247596834765074,0.473540235140949,0.148476238819098,0.437285694515869,0.248036411730191,0.0997585128973509,0.405611245221042,0.0919131729077437,0.128105940603005,0.124426417286069,0.128257749091518,0.110702434824445,0.328381510520198,0.266501572473286,0.175501858219317,0.245178905224679,0.736402538956696,0.603180876811753,0.999999999915159,0.116285215283384
"Sangil",0.0676036980557396,0.0733617468397942,0.167170381414602,0.116836490817804,0.23996307652443,0.201263867899536,0.123039756377462,0.235237425474235,0.180231491424494,0.127906817300363,0.245062384945639,0.125570451603569,0.266567156083591,0.269498069696732,0.183668628411197,0.133926307465954,0.487879227717959,0.30640253348385,0.087878032056419,0.0516651854606503,0.0717121435837089,0.236085740736515,0.210796087886612,0.139774418235801,0.424236683300477,0.333138018156306,0.186748580384964,0.259966318960781,0.407396318913078,0.140389051393953,0.408380524968749,0.421742815482845,0.403134937414004,0.265217618092161,0.234425131991874,0.11229005350974,0.398096808623692,0.146631136300812,0.156118813024983,0.152404484351756,0.615356060979411,0.147139674291715,0.421742815482845,0.0629043625014797,0.0892718427751822,0.170589420250838,0.205571498783279,0.194614217797897,0.0944713373380804,0.0698019130160412,0.241877318734048,0.16803893799146,0.304421745066466,0.0861895511790226,0.118046599396469,0.311003677403978,0.116285215283384,0.999999999966719
