tip,ruhlen_language,iso6393,glottocode,inventory_size
Aiwoo,Aiwo,nfl,ayiw1239,23
AmbrymSouthEast,Southeast Ambrym,tvk,sout2859,22
AnejomAneityum,Aneityum,aty,anei1239,25
AttaPamplona,Atta,att,pamp1244,18
Babatana,Babatana,baa,baba1268,24
Balangaw,Balangaw,blw,bala1310,24
Bali,Bali,ban,bali1278,25
BikolNagaCity,Naga,bcl,cent2087,21
Bintulu,Bintulu,bny,bint1246,28
Binukid,Binukid,bkd,binu1244,18
BugineseSoppeng_D,Bugis,bug,bugi1244,25
Bugotu,Bughotu,bgt,bugh1239,26
Bunun,Bunun,bnn,bunu1267,19
Bwaidoga,Bwaidoka,bwd,bwai1242,20
Canala,Xaracuu,ane,xara1244,31
Carolinian,Carolinian,cal,caro1242,27
Cebuano,Cebuano,ceb,cebu1242,22
CentralAmis,Ami,ami,amis1246,21
Chamorro,Chamorro,cha,cham1312,27
Chru,Chru,cje,chru1239,34
Chuukese,Trukese,chk,chuu1238,21
ChuukeseAKATrukese,Trukese,chk,chuu1238,21
CiuliAtayal,Atayal,tay,atay1247,25
DayakNgaju,Kapuas,nij,ngaj1237,24
Dehu,Dehu,dhv,dehu1237,36
Dobuan,Dobu,dob,dobu1241,19
DumagatCasiguran,Casiguran Dumagat,dgc,casi1235,24
Emae,Emae,mmw,emae1237,19
Futuna,West Futuna,fut,futu1245,21
FutunaWest,West Futuna,fut,futu1245,21
Gaddang,Gaddang,gad,gadd1244,22
Gedaged,Gedaged,gdd,geda1237,20
GhariGuadalcanal,Ghari,gri,ghar1239,21
Hanunoo,Hanunoo,hnn,hanu1241,20
Hawaiian,Hawaiian,haw,hawa1245,14
Iaai,Iaai,iai,iaai1238,42
Ibanag,Ibanag,ibg,iban1267,21
IfiraMeleMeleFila,Mele,mxe,mele1250,16
IfugaoAmganad,Central Ifugao,ifa,amga1235,19
IfugaoBatad,East Ifugao,ifb,bata1298,21
IfugaoBayninan,North Kallahan,ify,kele1259,21
Ilokano,Ilokano,ilo,ilok1237,20
Imorod,Itbayaten,ivv,ivat1242,26
Indonesian,Indonesian,ind,indo1316,26
Inibaloi,Inibaloi,ibl,ibal1244,23
Iraralay,Itbayaten,ivv,ivat1242,26
Isamorong,Itbayaten,ivv,ivat1242,26
IsnegDibagatKabugaoIsneg,Isnag,isd,isna1241,21
Itbayat,Itbayaten,ivv,ivat1242,26
Itbayaten,Itbayaten,ivv,ivat1242,26
Ivasay,Itbayaten,ivv,ivat1242,26
Javanese,Javanese,jav,java1254,32
KakidugenIlongot,Ilongot,ilk,ilon1239,19
Kalagan,Kalagan,kqe,kala1388,22
KalingaGuinaangLubuagan_D,Central Kalinga,knb,lubu1243,18
KallahanKeleyqiq,North Kallahan,ify,kele1259,21
Kanakanabu,Kanakanabu,xnb,kana1286,18
KankanayNorthern,North Kankanay,xnn,nort2877,19
Kapampangan,Kapampangan,pam,pamp1243,19
Kapingamarangi,Kapingamarangi,kpg,kapi1249,23
Katingan,Kapuas,nij,ngaj1237,24
KayanUmaJuman,Rejang Kayan,ree,reja1241,25
Kemak,Kemak,kem,kema1243,23
KiaZabana,Kia,kji,zaba1237,23
Kiribati,Gilbertese,gil,gilb1244,16
KoronadalBlaan,Cotabato Bilaan,bpr,koro1310,22
Kove,Kove,kvc,kove1237,22
Kuanua,Tolai,ksd,kuan1248,21
Kusaie,Kusaiean,kos,kosr1238,26
Kwaio,Kwaio,kwd,kwai1243,20
Kwamera,Kwamera,tnk,kwam1252,24
KwaraaeSolomonIslands,Kwaraae,kwf,kwar1239,21
Lakalai,Bileki,nak,naka1262,19
Lampung,Lampung,ljp,lamp1243,25
Lau,Lau,llu,lauu1247,21
Lenakel,Lenakel,tnl,lena1238,21
Luang,Letri Lgona,lex,luan1263,17
Luangiua,Luangiua,ojv,onto1237,15
Maanyan,Maanyan,mhy,maan1238,22
Madurese,Madurese,mad,nucl1460,31
MalayBahasaIndonesia,Indonesian,ind,indo1316,26
Mamanwa,Mamanwa,mmn,mama1275,21
Manam,Manam,mva,mana1295,19
Mangareva,Mangareva,mrv,mang1401,15
Manggarai,Manggarai,mqy,mang1405,25
ManoboDibabawon,Dibabawon,mbd,diba1242,20
ManoboIlianenKibudtungan_D,Ilianen,mbi,ilia1236,21
ManoboKalamansigCotabatoParil_D,Kalamansig,mta,cota1241,21
ManoboSaranganiKayaponga_D,Sarangani Manobo,mbs,sara1327,20
ManoboTigwaIglogsad_D,Tigwa,mbt,mati1250,19
Mansaka,Mansakan,msk,mans1262,20
Maori,Maori,mri,maor1246,16
Maranao,Maranao,mrw,mara1404,20
Marshallese,Marshallese,mah,mars1254,28
Matukar,Matukar,mjk,matu1261,20
Maututu,Bileki,nak,naka1262,19
Megiar,Megiar,tbc,taki1248,21
MelanauMukah,Melanau,mel,cent2101,27
Minangkabau,Minangkabau,min,mina1268,26
Mokilese,Mokilese,mkj,moki1238,22
Mor,Mor\sub 2\nosupersub,mhz,morm1235,16
Mota,Mota,mtt,mota1237,18
Motu,Motu,meu,motu1246,21
Mwotlap,Motlav,mlv,motl1237,23
Nahavaq,Southwest Bay,sns,sout2857,23
NakanaiBileki_D,Bileki,nak,naka1262,19
Namakir,Namakura,nmk,nama1268,22
Nanggu,Nanggu,ngr,nang1262,29
NehanHape,Nehan,nsn,neha1247,20
Nelemwa,Kumak,nee,kuma1276,38
Nembao,Nembao,utp,amba1266,25
Nengone,Nengone,nen,neng1238,37
Ngadha,Ngada,nxg,ngad1261,29
Nggela,Gela,nlg,gela1263,22
Nguna,North Efate,llp,nort2836,17
Nissan,Nehan,nsn,neha1247,20
Niue,Niuean,niu,niue1239,16
Nukuoro,Nukuoro,nkr,nuku1260,16
OldJavanese,Javanese,jav,java1254,32
PaameseSouth,Paama,pma,paam1238,21
Paiwan,Paiwan,pwn,paiw1248,27
Palauan,Palauan,pau,pala1344,19
PalawanBatak,Batak,bya,bata1301,21
Pangasinan,Pangasinan,pag,pang1290,19
PhanRangChamEasternCham,East Cham,cjm,east2563,30
Ponapean,Ponapean,pon,pohn1238,22
Puyuma,Puyuma,pyu,puyu1239,24
Raga,Raga,lml,hano1246,22
RapanuiEasterIsland,Rapanui,rap,rapa1244,18
Rarotongan,Rarotongan,rar,raro1241,15
Rotuman,Rotuman,rtm,rotu1241,20
Roviana,Roviana,rug,rovi1238,23
Rukai,Rukai,dru,ruka1240,22
Saa,Saa,apb,saaa1240,20
Saaroa,Saaroa,sxr,saar1237,18
SaipanCarolinian,Carolinian,cal,caro1242,27
Saisiat,Saisiyat,xsy,sais1237,23
SakaoPortOlry,Sakao,sku,saka1289,30
Samoan,Samoan,smo,samo1305,17
SangilSaraganiIslands,Sangil,snl,sang1337,25
SaranganiBlaan,Sarangani Bilaan,bps,sara1326,23
Savu,Savu,hvn,sabu1255,27
Sediq,Sedeq,trv,taro1264,22
Seimat,Seimat,ssg,seim1238,17
Sika,Sikka,ski,sika1262,28
Simbo,Simbo,sbb,simb1256,23
Sisingga,Babatana,baa,baba1268,24
SouthEfate,South Efate,erk,sout2856,17
SquliqAtayal,Atayal,tay,atay1247,25
Suau,Suau,swp,suau1242,20
SubanonSiocon,Siocon Subanon,suc,west2557,20
SubanunSindangan,Sindangan,syb,cent2089,22
Sunda,Sundanese,sun,sund1252,27
SyeErromangan,Sie,erg,siee1239,24
TaeSToraja,Sadan,sda,tora1261,21
Tagalog,Tagalog,tgl,taga1270,20
TagbanwaKalamianCoronIsland_D,Kalamianen,tbk,cala1258,21
TahitianModern,Tahitian,tah,tahi1242,15
TausugJolo_D,Tausug,tsg,taus1251,21
TboliTagabili,Tboli,tbl,tbol1240,22
Teop,Teop,tio,teop1238,17
Thao,Thao,ssf,thao1240,24
Tigak,Tigak,tgc,tiga1245,18
Tikopia,Tikopia,tkp,tiko1237,15
TimugonMurut,Timugon,tih,timu1262,18
Toambaita,Toabaita,mlu,toab1237,20
TobaBatak,Toba Batak,bbc,bata1289,24
Tolo,Talise,tlr,tali1259,20
Tongan,Tongan,ton,tong1325,18
Tontemboan,Tontemboan,tnt,tont1239,20
Tsou,Tsou,tsu,tsou1248,21
Tuamotu,Paumotu,pmt,tuam1242,16
Tuvalu,Tuvalu,tvl,tuva1244,19
UveaEast,East Uvea,wls,wall1257,20
UveaWest,West Uvea,uve,west2516,18
VaeakauTaumako,Pileni,piv,pile1238,25
Vano,Vano,vnk,vano1237,24
WBukidnonManobo,Western Bukidnon,mbb,west2555,23
Wolio,Wolio,wlo,woli1241,24
Yakan,Yakan,yka,yaka1277,22
