glottocode,PC1,PC2,language,longitude,latitude,subgroup,colour,rotPC1,rotPC2,rotLongitude,rotLatitude
aben1249,-0.8118009945991709,2.888823636931856,Ayta Abellen,120.2,15.4131,Sambalic,#F1C878,-0.1047518596750465,-0.031460603968111525,117.5987255417346,11.336888456052991
agut1237,-0.19090932365459265,0.6201488610351165,Agutyanen,119.655,10.5328,Palawanic-Kalamian,#87B1F1,-0.022812342156827148,-0.006241721667500923,121.2226662662878,12.45224448163095
akla1241,-1.1588921338957114,-0.997364042663991,Aklanon - Bisayan,122.354,11.5543,Central Philippine,#565153,0.008047819348354038,0.05514597951268112,122.58751926313451,15.167239602807973
alab1246,-1.3809830708099566,-0.4869753989746616,Inagta Alabat,122.014,14.1217,Central Philippine,#565153,-0.011996327226886866,0.052008178249918574,121.70102638078653,15.028464001900252
alan1249,0.3476459204082346,-2.2304106462943607,Alangan,121.022,13.0982,North Mangyan,#ECBEBD,0.07542356692803596,0.03287927819207245,125.56734783543402,14.182449746078902
amba1267,-0.8928259549433406,2.7395922610695727,Ayta Ambala,120.283,14.8156,Sambalic,#F1C878,-0.10174291988936425,-0.026051798597400415,117.73180198344829,11.576103802295952
amga1235,-1.6458211428449785,-0.690006013388844,"Ifugao, Amganad",121.042,16.9016,Meso-Cordilleran,#EA7B81,-0.010923189190557805,0.06412415528281112,121.74848807876462,15.564317567031237
arta1239,-0.8862835795534009,0.7622655945024418,Arta,121.656,16.4185,Northern Luzon,#7E6E40,-0.040771245051837164,0.012378872641865159,120.42839749902234,13.275777888672202
atam1240,-0.640717988298561,0.7308549239478853,"Manobo, Ata (down-river); Manobo, Ata (up-river)",125.499,7.7789,Manobo,#F16DEF,-0.03500698126373837,0.0054363170781592226,120.68333371199324,12.968729341135989
atii1237,2.519813775359836,-1.1459606971633065,"Inati (Hamtic); Inati (Jordan, Guimaras); Inati (Nagpana); Sogodnin (Boracay); Sogodnin (Iloilo)",122.512,11.1539,Malayo-Polynesian,#C1E868,0.08449290431748475,-0.05514740932920387,125.96845760646762,10.2892916287524
babu1242,-0.7980215645125804,0.93131990106426,Babuyan,121.96,19.48,Ibatan,#EF7AD0,-0.04424875774130048,0.006360087403545121,120.27459747386726,13.009584950293748
bala1310,-1.6900665510038837,-0.6655621450018935,Balangaw,121.272,17.0994,Meso-Cordilleran,#EA7B81,-0.01253978959667524,0.06500804866894828,121.67699065939361,15.603409537977655
bant1288,1.9691797835669893,0.5213610150790629,Bantoanon (Banton),122.034,12.5194,Central Philippine,#565153,0.02243013850809756,-0.07077924917917557,123.22360638806697,9.597941926584454
bata1298,-1.653012591871623,0.14120705694086497,"Ifugao, Batad",121.23,16.8266,Meso-Cordilleran,#EA7B81,-0.036640753676968695,0.0481056308576422,120.6110768259109,14.855865958212423
bata1301,-0.9953832980820685,1.230236786058063,"Batak, Palawan; Palawan Batak",119.025,10.1115,Palawanic-Kalamian,#87B1F1,-0.057302610243587265,0.00659297543056592,119.69726447108471,13.01988489384899
bino1237,-1.8239481953716927,-0.7195875972477446,"Itneg, Binongan",120.876,17.5972,Meso-Cordilleran,#EA7B81,-0.013493095409015587,0.07018321055264469,121.63482878364758,15.832291528920702
binu1244,-1.6275786407577701,-0.5566027224005679,Binukid,124.892,8.15933,Manobo,#F16DEF,-0.014671697882418571,0.060956455084047505,121.58270270784448,15.424219625266785
boli1256,-0.16504493241383658,3.4148455213262507,Bolinao,119.853,16.3071,Sambalic,#F1C878,-0.10830196998472183,-0.06163892583563755,117.44171474013905,10.002191194867814
boto1242,-0.1750337685788796,3.8454351623154164,"Botolan Sambal; Sambal, Botolan",120.164,15.2315,Sambalic,#F1C878,-0.12174669915643045,-0.06974419928259379,116.84709442686822,9.643719099623498
buhi1243,-1.339716224022991,-0.5026295266264149,Bikol (Buhinon),123.5,13.17,Central Philippine,#565153,-0.010708387454036726,0.05104420806871506,121.75798811957839,14.985830472893426
buhi1245,0.006276452646711814,-3.2335775529128643,Batangan; Buhid,121.21,12.6396,South Mangyan,#85DEF2,0.09962227961447591,0.06298283358480457,126.63758479852882,15.513840308847449
butu1244,5.446370506634293,1.8917044967930077,Butuanon,125.418,8.87009,Central Philippine,#565153,0.04819917475985393,-0.20454812799380234,124.36329408374401,3.6817429752498985
cala1258,-1.0774693242245366,0.29304834592014556,"Tagbanwa, Kalamian, Coron Island Dialect",120.094,12.0716,Palawanic-Kalamian,#87B1F1,-0.030068359713022536,0.027429127956039176,120.90175422877034,13.941405839627993
cama1250,2.166355927408614,0.9662798272277034,Manide; Manide (Labo),122.835,14.1571,Central Philippine,#565153,0.012591971954607963,-0.08553910337933579,122.78849359380136,8.94515755166383
capi1239,3.2841878952105272,0.2175612634448304,Capisano,122.954,11.4122,Central Philippine,#565153,0.057470237095641294,-0.10530757183315846,124.77332554812334,8.07085709125504
casi1235,-1.5081418136547806,-0.5222684779839089,"Dumagat, Casiguran",121.878,16.2176,Northeastern Luzon,#95A459,-0.013394693914719034,0.05661048789959506,121.63918078855728,15.232010445321258
cebu1242,1.3911774599929574,-2.6478112174264554,Cebuano,124.367,8.38799,Central Philippine,#565153,0.10865528081089872,0.008923971239596472,127.037087528007,13.122977893380387
cent2084,-1.5376296230045805,-0.19189609814376904,Agta,121.857,17.9571,Cagayan Valley,#79F287,-0.024136622187129836,0.051063205750694396,121.16409730618307,14.986670683764594
cent2087,7.396906468210273,1.042145629685871,Bikol (Bisakol); Bikol (Naga City); Naga Bikol,123.403,13.7574,Central Philippine,#565153,0.11244931283212699,-0.2479693693180049,127.20488626015027,1.7613508432063831
cent2089,-0.9585030518509414,0.3460651276186219,"Subanun, Sindangan",123.018,8.12701,Subanen,#7CF2D9,-0.029375425155982612,0.022732630355294617,120.93240065965942,13.733693743760206
cent2090,-0.843642607339213,1.9918922457966592,"Tagbanwa, Aborlan Dialect",119.338,10.6519,Palawanic-Kalamian,#87B1F1,-0.07777469997352562,-0.012957031847464289,118.79184493804273,12.155246320349798
cent2292,-0.8199809324219122,0.44775370886710397,"Bontok, Eastern",120.92,17.08,Meso-Cordilleran,#EA7B81,-0.029798087063568304,0.016483459957620947,120.91370758278994,13.45731155620624
cota1241,-1.344166600209034,0.749080381203467,"Manobo, Kalamansig Cotabato (Paril Dialect)",124.234,6.39417,Manobo,#F16DEF,-0.049311407458018174,0.026725889135326815,120.05069156084451,13.910303681857787
cuyo1237,0.1276644245609246,-2.8846916646910907,Cuyonon,119.3,10.3201,Central Philippine,#565153,0.09125840946982099,0.052431280948622545,126.26767574182307,15.047176573647587
diba1242,-1.5578189352164398,-0.5554776791643378,"Manobo, Dibabawon",126.018,7.85664,Manobo,#F16DEF,-0.013343387297182553,0.05878791509731359,121.64144992738505,15.328311562725414
dupa1235,-0.642960222083879,0.5917075209646335,Dupaningan Agta,122.188,17.3748,Northeastern Luzon,#95A459,-0.0307691168922992,0.008223902275831241,120.8707618266069,13.0920159289385
gadd1244,-1.330486120142412,0.4180207747825086,Gaddang,121.177,16.5468,Cagayan Valley,#79F287,-0.0388571681174364,0.03277300156903634,120.51305141892075,14.177749447688655
gian1241,-1.1531185478968178,-0.2634320300010208,Guiangan (Baguio); Guiangan (Sirib),125.359,6.99967,Bilic,#BA7862,-0.014423028472702316,0.04062913800848792,121.59370061493638,14.525202955384067
guin1256,-1.7278297715395983,-2.6568800725995314,"Bontok, Guina-ang",120.96,17.04,Meso-Cordilleran,#EA7B81,0.04799678723500012,0.10507539098607921,124.35434308652466,17.375468709736616
hanu1241,1.6470536779788771,-6.074155469301288,Hanunoo; Hanunóo,121.221,12.4159,South Mangyan,#85DEF2,0.21908569017766663,0.0679926052200264,131.9210955116314,15.735407581873618
hili1240,6.949007759637008,-0.9570765853972215,Hiligaynon; Ilonggo,122.974,10.4018,Central Philippine,#565153,0.16521609571544757,-0.19512741458701768,129.5386038507134,4.0983930606204915
ibal1244,-0.6360565064915772,1.282392862495025,Ibaloi; Inibaloi,120.695,16.4263,Meso-Cordilleran,#EA7B81,-0.05188715169127161,-0.0054827830998355285,119.93677406772716,12.485810073253884
iban1267,-1.2010774287249335,0.29311170916467777,Ibanag,121.891,17.4201,Cagayan Valley,#79F287,-0.03248530062623185,0.031231405877656035,120.79486013335087,14.10956926337714
ilia1236,-1.6289142089914344,0.9261496264319066,"Manobo, Ilianen (Kibudtungan Dialect)",124.766,7.34448,Manobo,#F16DEF,-0.06032321493341654,0.032028303482199254,119.56367212541565,14.144813670103856
ilok1237,0.6865988922109844,1.0593447251621315,Ilokano,120.993,15.9361,Northern Luzon,#7E6E40,-0.019182433277286567,-0.041824101874082246,121.38320632087208,10.878541821269373
ilon1239,-1.2612659782303584,0.3235982307773658,"Ilongot, Kakiduge:n; Kakiduge:n Ilongot",121.547,16.3785,Meso-Cordilleran,#EA7B81,-0.03459932693695711,0.03248782368072211,120.7013630482782,14.165136879363802
iray1237,-0.32953130375483924,-2.3409896494748326,Iraya,120.65,13.381,North Mangyan,#ECBEBD,0.065595829236856,0.05587697445334983,125.13269627867602,15.199569331065682
irig1242,-0.037637529004059415,-2.384191102747894,Bikol (Rinconada),123.331,13.3896,Central Philippine,#565153,0.07262804049783868,0.04773922747426696,125.44371003057749,14.8396610282489
isin1239,-0.7686262441554483,0.13702769136260626,Isinay (Dupax),121.12,16.3299,Meso-Cordilleran,#EA7B81,-0.01923346861680503,0.020974041063767667,121.38094917986278,13.655916579037328
isna1241,-1.662356537026221,0.08793582168198015,"Isneg, Dibagat-Kabugao-Isneg",121.16,18.2139,Cagayan Valley,#79F287,-0.03518411420447522,0.04943393702022805,120.67549964978446,14.914612982152361
itaw1240,-0.7170355888952932,-1.541545877023926,Itawis; Malaweg,121.58,17.7329,Cagayan Valley,#79F287,0.03342547495772699,0.05218165886423991,123.70989735910076,15.036136532593636
ivat1242,0.04523220678820455,2.116423879426642,"Imorod; Iraralay; Isamorong; Itbayat; Itbayaten; Ivasay; Ivatan, Basco Dialect",121.85,20.77,Yami-Itbayat,#9ECCC9,-0.0642402574308994,-0.04274142407821554,119.39043300641208,10.837971393302714
kaga1256,-1.0303015427807356,-1.479802523449233,Kagayanen,119.872,10.4656,Manobo,#F16DEF,0.025405156672585277,0.06061478208282967,123.35518257754325,15.409108446422971
kala1388,-0.842359252999957,1.3020190637659852,Kalagan,125.328,6.8126,Central Philippine,#565153,-0.05652170120783419,4.8186357498680076e-4,119.73180175105108,12.749608624272362
kama1363,-1.0396973992487508,-1.4838424313892242,Kamayo,126.314,8.10796,Central Philippine,#565153,0.025345896347350086,0.06098282940059362,123.3525616699217,15.425386082706474
kank1243,0.06504900782168906,1.2938806238662273,Kankanaey,120.689,16.8548,Meso-Cordilleran,#EA7B81,-0.038542802179627765,-0.027280777741270974,120.5269548877102,11.521749716453199
kaya1320,-1.4607033507401694,0.3858703724931069,"Kallahan, Kayapa Proper",120.9,16.321,Meso-Cordilleran,#EA7B81,-0.04041199252159724,0.03740802323383685,120.44428616805735,14.38274264607455
kele1259,-1.7875635251734685,0.6904645579402111,"Ifugao, Bayninan; Kallahan, Keleyqiq",121.035,16.7099,Meso-Cordilleran,#EA7B81,-0.056170613420716796,0.04151475713589009,119.74732931782428,14.564371250724864
kina1250,5.228480360352429,1.543278737463126,Kinaray-a,122.297,10.8131,Central Philippine,#565153,0.05466347684442206,-0.19103611943188206,124.64919090483369,4.279338855493723
koro1310,-1.6414658807235327,-0.1115129502938369,"Bilaan, Koronadal; Koronadal Blaan",125.007,6.20529,Tboli-Blaan,#5C7193,-0.028638772170680782,0.05268784244469628,120.96498062637336,15.058523524204956
limo1248,-1.0350715214030597,-2.485744720788582,"Kalinga, Limos",121.381,17.6081,Meso-Cordilleran,#EA7B81,0.05626557380272758,0.08041513604190653,124.72004687992037,16.28481910772766
lowe1412,-1.3211285781786335,0.15343208875835015,Kalinga (Minangali),121.311,17.3441,Meso-Cordilleran,#EA7B81,-0.030532749145227283,0.037654459669688174,120.88121566781231,14.393641795385465
lubu1243,-1.8621088145148224,-0.8056207984729937,"Kalinga, Guinaang, Lubuagan Dialect",121.0365,17.3879,Meso-Cordilleran,#EA7B81,-0.011591350459189034,0.07303831414212979,121.7189372966109,15.958564254024955
maga1263,0.7023508278004313,3.42104203924577,Ayta Mag-anchi; Ayta Mag-antsi,120.459,15.1954,Sambalic,#F1C878,-0.09154591209852615,-0.08845042090413856,118.18278525648975,8.816398651687487
magi1241,-0.43995897075811086,2.274049150310418,Ayta Mag-indi,120.182,14.9617,Sambalic,#F1C878,-0.07856992166550532,-0.030891321563236825,118.75667465193538,11.362066120668093
magu1243,-1.3102703369804511,-1.0736292586630367,Maguindanaon,124.509,6.9453,Danaw,#C573F1,0.007437009360454363,0.06129403288005692,122.56050495725187,15.439149685385718
mama1275,0.77566886052959,2.134582099352938,Mamanwa,125.548,9.44744,Central Philippine,#565153,-0.050528106405795276,-0.06557228427218362,119.99688059148664,9.828230470492121
mans1262,-0.19643364857324516,2.125599740160152,Mansaka,126.181,6.79221,Central Philippine,#565153,-0.06924414809946242,-0.03548445416186246,119.16912583101914,11.158925550872436
mara1404,-0.08315410456121831,1.387312016241853,Maranao,124.175,7.79414,Danaw,#C573F1,-0.044313273269541736,-0.024545868857628002,120.27174414427441,11.642706587833024
masb1238,6.394715487015148,1.7697040417629069,Masbatenyo,123.63579,12.21453,Central Philippine,#565153,0.07048149548841033,-0.23134584634173103,125.34877474034924,2.4965597353733386
mati1250,-1.1451069170237551,1.0383265101731571,"Manobo, Tigwa, Iglogsad Dialect",125.16,7.72124,Manobo,#F16DEF,-0.054322606913785404,0.014949529311829092,119.82906113956975,13.389470374023427
nort2877,-1.723982869112609,-0.694625484952521,"Kankanay, Northern",120.786,17.1057,Meso-Cordilleran,#EA7B81,-0.012308127877347596,0.06661950420331991,121.68723636701331,15.67467941500027
pamp1243,0.34865929452592453,-0.9940880991488833,Kapampangan,120.502,14.9603,Central Luzon,#477C65,0.037400775702608864,0.00869346577452761,123.88571306680885,13.112783323441537
pamp1244,-1.6327084765856137,-0.250619403779304,"Atta, Pamplona",121.3,18.4738,Cagayan Valley,#79F287,-0.024187262613236286,0.055136160323614895,121.16185763101736,15.166805329331426
pang1290,0.41898783813759294,0.7501042327147769,Pangasinan,120.365,15.9377,Meso-Cordilleran,#EA7B81,-0.014895313179277897,-0.02754772443107966,121.57281286951657,11.509943459719173
rata1245,2.182545346051985,-4.544952899562741,Ratagnon,121.187,12.2785,Central Philippine,#565153,0.1824931170473066,0.02163834874866074,130.30271502807756,13.685296928663897
remo1247,-0.5660511417515307,-2.258301124624806,Sinauna,121.453,14.6254,Central Luzon,#477C65,0.05843043791358831,0.0615393450927815,124.81579236942399,15.449999113657311
romb1245,1.169832233936239,-3.4185842530771477,Romblon,122.56,12.4047,Central Philippine,#565153,0.1280480279323209,0.03079389776505965,127.89477095332933,14.090219583093656
sang1337,-1.451273126452218,-0.5336222554002219,"Sangil, Saragani Islands",125.378,5.40229,Sangiric,#A852A0,-0.011934258522454683,0.055082419142995394,121.70377149465253,15.164428517032169
sara1326,-1.5521464364859041,0.16856344680933,"Bilaan, Sarangani; Sarangani Blaan",125.354,6.03691,Tboli-Blaan,#5C7193,-0.03551185996347998,0.04446742715119132,120.6610044313681,14.694959048147982
sara1327,-0.6409270309768518,1.2148889948237216,"Manobo, Sarangani, Kayaponga Dialect",125.499,5.84903,Manobo,#F16DEF,-0.0499051638598939,-0.004014057704798893,120.02443148426127,12.550767421472042
sout2908,-1.2091188891888922,0.09069898948817506,"Kalinga, Southern",121.068,17.2936,Meso-Cordilleran,#EA7B81,-0.02641401638043301,0.035433482731361175,121.06337494641157,14.295414602708782
sout2916,0.9439612848458148,1.1601012501714827,S.W. Palawano,117.36,8.67624,Palawanic-Kalamian,#87B1F1,-0.01725457534451111,-0.051711868305024486,121.46846973326872,10.44123537220474
suri1273,6.396763057539563,2.926245143437039,Surigaonon,126,9,Central Philippine,#565153,0.03493384593113129,-0.2540047531792021,123.77660811312784,1.4944237971929564
tady1237,-0.38062733923012304,-2.5381065972161796,Tadyawan,121.305,13.0211,North Mangyan,#ECBEBD,0.07066298052578567,0.06130040744600183,125.35680128282547,15.439431613444716
taga1270,7.667297716830763,-2.7788051000643614,Marinduque Tagalog; Mindoro Tagalog; Tagalog; Tagalog (Anthony dela Paz),121.747,14.06,Central Philippine,#565153,0.23530565237592152,-0.18163775677433813,132.6384561129786,4.695000433818498
taus1251,0.08222971785547778,0.7513670745625667,"Tausug, Jolo Dialect",118.88,5.12236,Central Philippine,#565153,-0.021513577667993104,-0.017210092352495994,121.28010675001585,11.967146126023584
tbol1240,-1.4989293168712705,-0.4548357503719851,Tagabili; Tboli (Tagabili),124.538,6.20377,Tboli-Blaan,#5C7193,-0.015289661504315573,0.055009546594956986,121.55537201804407,15.16120558135306
tina1248,0.04109863009752657,3.294132180010682,Sambal,120.095,15.5797,Sambalic,#F1C878,-0.10056000193749616,-0.0656236860682286,117.78411892000612,9.825957122202498
tiru1241,-1.5195006264749558,-0.20721472683258588,Tiruray,124.127,6.77321,Bilic,#BA7862,-0.023311061318214494,0.050804650106808534,121.20060940369198,14.975235537990972
wara1300,4.1678560256482955,-2.8855648081342555,Samar-Leyte; Waray-Waray,125.012,11.4911,Central Philippine,#565153,0.1702204494377435,-0.07187144451549486,129.75993150559327,9.549637381008207
west2555,-1.2992714137719943,1.5737371722796698,"Manobo, Western Bukidnon; Western Bukidnon Manobo",124.825,7.6682,Manobo,#F16DEF,-0.07380958849068678,0.009232712305306702,118.96721000504911,13.136632590835989
west2557,-0.1836471815127746,0.5273608385018771,"Subanon, Siocon; Western Subanon",122.341,7.79964,Subanen,#7CF2D9,-0.019815299787552695,-0.004652338967616972,121.35521652072163,12.52253814294924
yoga1237,-1.0951703174550729,-1.7355295005596143,Yogad,121.718,16.7015,Cagayan Valley,#79F287,0.032006698724435186,0.06760710521330775,123.6471491134852,15.718358065157187
