phoneme,ipa,class,winning_model,node,p_present,n_desc_tips,in_philippine_clade
phoneme_121,o,vowel,ARD2,173,0.046,172,FALSE
phoneme_121,o,vowel,ARD2,174,0.016,5,FALSE
phoneme_121,o,vowel,ARD2,175,0.016,3,FALSE
phoneme_121,o,vowel,ARD2,176,0.006,2,FALSE
phoneme_121,o,vowel,ARD2,177,0.016,2,FALSE
phoneme_121,o,vowel,ARD2,178,0.046,167,FALSE
phoneme_121,o,vowel,ARD2,179,0.046,166,FALSE
phoneme_121,o,vowel,ARD2,180,0.046,165,FALSE
phoneme_121,o,vowel,ARD2,181,0.261,160,FALSE
phoneme_121,o,vowel,ARD2,182,0.326,159,FALSE
phoneme_121,o,vowel,ARD2,183,0.326,114,FALSE
phoneme_121,o,vowel,ARD2,184,0.326,107,FALSE
phoneme_121,o,vowel,ARD2,185,0.837,11,FALSE
phoneme_121,o,vowel,ARD2,186,0.898,9,FALSE
phoneme_121,o,vowel,ARD2,187,0.901,8,FALSE
phoneme_121,o,vowel,ARD2,188,0.888,7,FALSE
phoneme_121,o,vowel,ARD2,189,0.997,2,FALSE
phoneme_121,o,vowel,ARD2,190,0.888,5,FALSE
phoneme_121,o,vowel,ARD2,191,0.888,4,FALSE
phoneme_121,o,vowel,ARD2,192,0.994,3,FALSE
phoneme_121,o,vowel,ARD2,193,1,2,FALSE
phoneme_121,o,vowel,ARD2,194,0.893,2,FALSE
phoneme_121,o,vowel,ARD2,195,0.334,96,FALSE
phoneme_121,o,vowel,ARD2,196,0.975,92,FALSE
phoneme_121,o,vowel,ARD2,197,0.976,91,FALSE
phoneme_121,o,vowel,ARD2,198,0.976,89,FALSE
phoneme_121,o,vowel,ARD2,199,0.996,85,FALSE
phoneme_121,o,vowel,ARD2,200,0.995,2,FALSE
phoneme_121,o,vowel,ARD2,201,0.999,83,FALSE
phoneme_121,o,vowel,ARD2,202,1,82,FALSE
phoneme_121,o,vowel,ARD2,203,1,70,FALSE
phoneme_121,o,vowel,ARD2,204,1,69,FALSE
phoneme_121,o,vowel,ARD2,205,1,30,FALSE
phoneme_121,o,vowel,ARD2,206,0.997,21,FALSE
phoneme_121,o,vowel,ARD2,207,0.981,20,FALSE
phoneme_121,o,vowel,ARD2,208,0.983,18,FALSE
phoneme_121,o,vowel,ARD2,209,0.999,12,FALSE
phoneme_121,o,vowel,ARD2,210,0.999,8,FALSE
phoneme_121,o,vowel,ARD2,211,0.999,7,FALSE
phoneme_121,o,vowel,ARD2,212,1,2,FALSE
phoneme_121,o,vowel,ARD2,213,0.972,5,FALSE
phoneme_121,o,vowel,ARD2,214,0.972,4,FALSE
phoneme_121,o,vowel,ARD2,215,0.416,3,FALSE
phoneme_121,o,vowel,ARD2,216,0.416,2,FALSE
phoneme_121,o,vowel,ARD2,217,1,4,FALSE
phoneme_121,o,vowel,ARD2,218,1,3,FALSE
phoneme_121,o,vowel,ARD2,219,1,2,FALSE
phoneme_121,o,vowel,ARD2,220,0.983,6,FALSE
phoneme_121,o,vowel,ARD2,221,0.98,5,FALSE
phoneme_121,o,vowel,ARD2,222,0.959,4,FALSE
phoneme_121,o,vowel,ARD2,223,0.102,3,FALSE
phoneme_121,o,vowel,ARD2,224,0.102,2,FALSE
phoneme_121,o,vowel,ARD2,225,0.981,2,FALSE
phoneme_121,o,vowel,ARD2,226,0.998,9,FALSE
phoneme_121,o,vowel,ARD2,227,0.998,8,FALSE
phoneme_121,o,vowel,ARD2,228,1,7,FALSE
phoneme_121,o,vowel,ARD2,229,1,6,FALSE
phoneme_121,o,vowel,ARD2,230,1,2,FALSE
phoneme_121,o,vowel,ARD2,231,1,4,FALSE
phoneme_121,o,vowel,ARD2,232,1,2,FALSE
phoneme_121,o,vowel,ARD2,233,1,2,FALSE
phoneme_121,o,vowel,ARD2,234,1,39,FALSE
phoneme_121,o,vowel,ARD2,235,1,4,FALSE
phoneme_121,o,vowel,ARD2,236,0.991,2,FALSE
phoneme_121,o,vowel,ARD2,237,0.996,2,FALSE
phoneme_121,o,vowel,ARD2,238,1,35,FALSE
phoneme_121,o,vowel,ARD2,239,1,18,FALSE
phoneme_121,o,vowel,ARD2,240,1,5,FALSE
phoneme_121,o,vowel,ARD2,241,0.998,3,FALSE
phoneme_121,o,vowel,ARD2,242,0.988,2,FALSE
phoneme_121,o,vowel,ARD2,243,1,2,FALSE
phoneme_121,o,vowel,ARD2,244,0.999,13,FALSE
phoneme_121,o,vowel,ARD2,245,1,9,FALSE
phoneme_121,o,vowel,ARD2,246,0.998,3,FALSE
phoneme_121,o,vowel,ARD2,247,0.994,2,FALSE
phoneme_121,o,vowel,ARD2,248,1,6,FALSE
phoneme_121,o,vowel,ARD2,249,0.999,2,FALSE
phoneme_121,o,vowel,ARD2,250,1,4,FALSE
phoneme_121,o,vowel,ARD2,251,1,3,FALSE
phoneme_121,o,vowel,ARD2,252,0.998,2,FALSE
phoneme_121,o,vowel,ARD2,253,0.994,4,FALSE
phoneme_121,o,vowel,ARD2,254,0.973,3,FALSE
phoneme_121,o,vowel,ARD2,255,0.973,2,FALSE
phoneme_121,o,vowel,ARD2,256,0.998,17,FALSE
phoneme_121,o,vowel,ARD2,257,0.998,7,FALSE
phoneme_121,o,vowel,ARD2,258,0.998,2,FALSE
phoneme_121,o,vowel,ARD2,259,0.995,5,FALSE
phoneme_121,o,vowel,ARD2,260,1,4,FALSE
phoneme_121,o,vowel,ARD2,261,1,3,FALSE
phoneme_121,o,vowel,ARD2,262,1,2,FALSE
phoneme_121,o,vowel,ARD2,263,0.996,10,FALSE
phoneme_121,o,vowel,ARD2,264,0.936,2,FALSE
phoneme_121,o,vowel,ARD2,265,0.998,8,FALSE
phoneme_121,o,vowel,ARD2,266,0.997,5,FALSE
phoneme_121,o,vowel,ARD2,267,0.99,4,FALSE
phoneme_121,o,vowel,ARD2,268,1,2,FALSE
phoneme_121,o,vowel,ARD2,269,0.988,2,FALSE
phoneme_121,o,vowel,ARD2,270,1,3,FALSE
phoneme_121,o,vowel,ARD2,271,1,2,FALSE
phoneme_121,o,vowel,ARD2,272,0.998,12,FALSE
phoneme_121,o,vowel,ARD2,273,1,7,FALSE
phoneme_121,o,vowel,ARD2,274,1,3,FALSE
phoneme_121,o,vowel,ARD2,275,0.999,2,FALSE
phoneme_121,o,vowel,ARD2,276,1,4,FALSE
phoneme_121,o,vowel,ARD2,277,1,3,FALSE
phoneme_121,o,vowel,ARD2,278,1,2,FALSE
phoneme_121,o,vowel,ARD2,279,0.998,5,FALSE
phoneme_121,o,vowel,ARD2,280,0.99,4,FALSE
phoneme_121,o,vowel,ARD2,281,0.978,3,FALSE
phoneme_121,o,vowel,ARD2,282,0.976,2,FALSE
phoneme_121,o,vowel,ARD2,283,0.99,4,FALSE
phoneme_121,o,vowel,ARD2,284,0.99,3,FALSE
phoneme_121,o,vowel,ARD2,285,0.991,2,FALSE
phoneme_121,o,vowel,ARD2,286,0.976,2,FALSE
phoneme_121,o,vowel,ARD2,287,0.334,4,FALSE
phoneme_121,o,vowel,ARD2,288,0.79,2,FALSE
phoneme_121,o,vowel,ARD2,289,0.418,2,FALSE
phoneme_121,o,vowel,ARD2,290,0.325,7,FALSE
phoneme_121,o,vowel,ARD2,291,0.012,6,FALSE
phoneme_121,o,vowel,ARD2,292,0.012,3,FALSE
phoneme_121,o,vowel,ARD2,293,0.008,2,FALSE
phoneme_121,o,vowel,ARD2,294,0.023,3,FALSE
phoneme_121,o,vowel,ARD2,295,0.023,2,FALSE
phoneme_121,o,vowel,ARD2,296,0.328,45,FALSE
phoneme_121,o,vowel,ARD2,297,0.545,44,TRUE
phoneme_121,o,vowel,ARD2,298,0.539,22,TRUE
phoneme_121,o,vowel,ARD2,299,0.539,13,TRUE
phoneme_121,o,vowel,ARD2,300,0.54,12,TRUE
phoneme_121,o,vowel,ARD2,301,0.841,3,TRUE
phoneme_121,o,vowel,ARD2,302,0.841,2,TRUE
phoneme_121,o,vowel,ARD2,303,0.545,9,TRUE
phoneme_121,o,vowel,ARD2,304,0.555,7,TRUE
phoneme_121,o,vowel,ARD2,305,0,5,TRUE
phoneme_121,o,vowel,ARD2,306,0,4,TRUE
phoneme_121,o,vowel,ARD2,307,0.002,2,TRUE
phoneme_121,o,vowel,ARD2,308,0,2,TRUE
phoneme_121,o,vowel,ARD2,309,0.654,2,TRUE
phoneme_121,o,vowel,ARD2,310,0.546,2,TRUE
phoneme_121,o,vowel,ARD2,311,0.539,9,TRUE
phoneme_121,o,vowel,ARD2,312,0.422,6,TRUE
phoneme_121,o,vowel,ARD2,313,0.395,5,TRUE
phoneme_121,o,vowel,ARD2,314,0.394,4,TRUE
phoneme_121,o,vowel,ARD2,315,0.577,3,TRUE
phoneme_121,o,vowel,ARD2,316,0.583,2,TRUE
phoneme_121,o,vowel,ARD2,317,0.503,3,TRUE
phoneme_121,o,vowel,ARD2,318,0.494,2,TRUE
phoneme_121,o,vowel,ARD2,319,0.543,22,TRUE
phoneme_121,o,vowel,ARD2,320,0.505,21,TRUE
phoneme_121,o,vowel,ARD2,321,0.425,6,TRUE
phoneme_121,o,vowel,ARD2,322,0.022,5,TRUE
phoneme_121,o,vowel,ARD2,323,0.021,4,TRUE
phoneme_121,o,vowel,ARD2,324,0.026,2,TRUE
phoneme_121,o,vowel,ARD2,325,0.022,2,TRUE
phoneme_121,o,vowel,ARD2,326,0.637,15,TRUE
phoneme_121,o,vowel,ARD2,327,0.637,14,TRUE
phoneme_121,o,vowel,ARD2,328,0.702,4,TRUE
phoneme_121,o,vowel,ARD2,329,0.855,3,TRUE
phoneme_121,o,vowel,ARD2,330,0.857,2,TRUE
phoneme_121,o,vowel,ARD2,331,0.641,10,TRUE
phoneme_121,o,vowel,ARD2,332,0.641,6,TRUE
phoneme_121,o,vowel,ARD2,333,0.935,5,TRUE
phoneme_121,o,vowel,ARD2,334,0.935,2,TRUE
phoneme_121,o,vowel,ARD2,335,0.938,3,TRUE
phoneme_121,o,vowel,ARD2,336,0.938,2,TRUE
phoneme_121,o,vowel,ARD2,337,0.592,4,TRUE
phoneme_121,o,vowel,ARD2,338,0.592,3,TRUE
phoneme_121,o,vowel,ARD2,339,0.51,2,TRUE
phoneme_121,o,vowel,ARD2,340,0.046,5,FALSE
phoneme_121,o,vowel,ARD2,341,0.07,4,FALSE
phoneme_121,o,vowel,ARD2,342,0.057,3,FALSE
phoneme_121,o,vowel,ARD2,343,0,2,FALSE
phoneme_139,ə,vowel,ARD2,173,0.003,172,FALSE
phoneme_139,ə,vowel,ARD2,174,0.002,5,FALSE
phoneme_139,ə,vowel,ARD2,175,0.002,3,FALSE
phoneme_139,ə,vowel,ARD2,176,0.004,2,FALSE
phoneme_139,ə,vowel,ARD2,177,0.002,2,FALSE
phoneme_139,ə,vowel,ARD2,178,0.003,167,FALSE
phoneme_139,ə,vowel,ARD2,179,0.003,166,FALSE
phoneme_139,ə,vowel,ARD2,180,0.003,165,FALSE
phoneme_139,ə,vowel,ARD2,181,0.004,160,FALSE
phoneme_139,ə,vowel,ARD2,182,0.007,159,FALSE
phoneme_139,ə,vowel,ARD2,183,0.007,114,FALSE
phoneme_139,ə,vowel,ARD2,184,0.007,107,FALSE
phoneme_139,ə,vowel,ARD2,185,0.927,11,FALSE
phoneme_139,ə,vowel,ARD2,186,0.985,9,FALSE
phoneme_139,ə,vowel,ARD2,187,0.986,8,FALSE
phoneme_139,ə,vowel,ARD2,188,1,7,FALSE
phoneme_139,ə,vowel,ARD2,189,1,2,FALSE
phoneme_139,ə,vowel,ARD2,190,1,5,FALSE
phoneme_139,ə,vowel,ARD2,191,1,4,FALSE
phoneme_139,ə,vowel,ARD2,192,1,3,FALSE
phoneme_139,ə,vowel,ARD2,193,1,2,FALSE
phoneme_139,ə,vowel,ARD2,194,0.959,2,FALSE
phoneme_139,ə,vowel,ARD2,195,0.007,96,FALSE
phoneme_139,ə,vowel,ARD2,196,0.002,92,FALSE
phoneme_139,ə,vowel,ARD2,197,0.002,91,FALSE
phoneme_139,ə,vowel,ARD2,198,0.002,89,FALSE
phoneme_139,ə,vowel,ARD2,199,0,85,FALSE
phoneme_139,ə,vowel,ARD2,200,0.009,2,FALSE
phoneme_139,ə,vowel,ARD2,201,0,83,FALSE
phoneme_139,ə,vowel,ARD2,202,0,82,FALSE
phoneme_139,ə,vowel,ARD2,203,0,70,FALSE
phoneme_139,ə,vowel,ARD2,204,0,69,FALSE
phoneme_139,ə,vowel,ARD2,205,0.045,30,FALSE
phoneme_139,ə,vowel,ARD2,206,0.024,21,FALSE
phoneme_139,ə,vowel,ARD2,207,0.009,20,FALSE
phoneme_139,ə,vowel,ARD2,208,0,18,FALSE
phoneme_139,ə,vowel,ARD2,209,0,12,FALSE
phoneme_139,ə,vowel,ARD2,210,0,8,FALSE
phoneme_139,ə,vowel,ARD2,211,0,7,FALSE
phoneme_139,ə,vowel,ARD2,212,0.001,2,FALSE
phoneme_139,ə,vowel,ARD2,213,0.008,5,FALSE
phoneme_139,ə,vowel,ARD2,214,0.008,4,FALSE
phoneme_139,ə,vowel,ARD2,215,0.466,3,FALSE
phoneme_139,ə,vowel,ARD2,216,0.466,2,FALSE
phoneme_139,ə,vowel,ARD2,217,0.001,4,FALSE
phoneme_139,ə,vowel,ARD2,218,0,3,FALSE
phoneme_139,ə,vowel,ARD2,219,0,2,FALSE
phoneme_139,ə,vowel,ARD2,220,0,6,FALSE
phoneme_139,ə,vowel,ARD2,221,0,5,FALSE
phoneme_139,ə,vowel,ARD2,222,0.001,4,FALSE
phoneme_139,ə,vowel,ARD2,223,0,3,FALSE
phoneme_139,ə,vowel,ARD2,224,0,2,FALSE
phoneme_139,ə,vowel,ARD2,225,0.009,2,FALSE
phoneme_139,ə,vowel,ARD2,226,0.58,9,FALSE
phoneme_139,ə,vowel,ARD2,227,0.615,8,FALSE
phoneme_139,ə,vowel,ARD2,228,0.975,7,FALSE
phoneme_139,ə,vowel,ARD2,229,0.975,6,FALSE
phoneme_139,ə,vowel,ARD2,230,0.975,2,FALSE
phoneme_139,ə,vowel,ARD2,231,1,4,FALSE
phoneme_139,ə,vowel,ARD2,232,1,2,FALSE
phoneme_139,ə,vowel,ARD2,233,1,2,FALSE
phoneme_139,ə,vowel,ARD2,234,0,39,FALSE
phoneme_139,ə,vowel,ARD2,235,0,4,FALSE
phoneme_139,ə,vowel,ARD2,236,0.003,2,FALSE
phoneme_139,ə,vowel,ARD2,237,0.024,2,FALSE
phoneme_139,ə,vowel,ARD2,238,0,35,FALSE
phoneme_139,ə,vowel,ARD2,239,0,18,FALSE
phoneme_139,ə,vowel,ARD2,240,0,5,FALSE
phoneme_139,ə,vowel,ARD2,241,0.003,3,FALSE
phoneme_139,ə,vowel,ARD2,242,0.005,2,FALSE
phoneme_139,ə,vowel,ARD2,243,0,2,FALSE
phoneme_139,ə,vowel,ARD2,244,0.001,13,FALSE
phoneme_139,ə,vowel,ARD2,245,0,9,FALSE
phoneme_139,ə,vowel,ARD2,246,0.002,3,FALSE
phoneme_139,ə,vowel,ARD2,247,0.002,2,FALSE
phoneme_139,ə,vowel,ARD2,248,0,6,FALSE
phoneme_139,ə,vowel,ARD2,249,0,2,FALSE
phoneme_139,ə,vowel,ARD2,250,0,4,FALSE
phoneme_139,ə,vowel,ARD2,251,0,3,FALSE
phoneme_139,ə,vowel,ARD2,252,0,2,FALSE
phoneme_139,ə,vowel,ARD2,253,0.004,4,FALSE
phoneme_139,ə,vowel,ARD2,254,0.015,3,FALSE
phoneme_139,ə,vowel,ARD2,255,0.015,2,FALSE
phoneme_139,ə,vowel,ARD2,256,0,17,FALSE
phoneme_139,ə,vowel,ARD2,257,0,7,FALSE
phoneme_139,ə,vowel,ARD2,258,0,2,FALSE
phoneme_139,ə,vowel,ARD2,259,0.001,5,FALSE
phoneme_139,ə,vowel,ARD2,260,0.001,4,FALSE
phoneme_139,ə,vowel,ARD2,261,0.001,3,FALSE
phoneme_139,ə,vowel,ARD2,262,0,2,FALSE
phoneme_139,ə,vowel,ARD2,263,0,10,FALSE
phoneme_139,ə,vowel,ARD2,264,0,2,FALSE
phoneme_139,ə,vowel,ARD2,265,0,8,FALSE
phoneme_139,ə,vowel,ARD2,266,0.043,5,FALSE
phoneme_139,ə,vowel,ARD2,267,0.56,4,FALSE
phoneme_139,ə,vowel,ARD2,268,0.99,2,FALSE
phoneme_139,ə,vowel,ARD2,269,0.56,2,FALSE
phoneme_139,ə,vowel,ARD2,270,0,3,FALSE
phoneme_139,ə,vowel,ARD2,271,0,2,FALSE
phoneme_139,ə,vowel,ARD2,272,0,12,FALSE
phoneme_139,ə,vowel,ARD2,273,0,7,FALSE
phoneme_139,ə,vowel,ARD2,274,0,3,FALSE
phoneme_139,ə,vowel,ARD2,275,0,2,FALSE
phoneme_139,ə,vowel,ARD2,276,0,4,FALSE
phoneme_139,ə,vowel,ARD2,277,0,3,FALSE
phoneme_139,ə,vowel,ARD2,278,0,2,FALSE
phoneme_139,ə,vowel,ARD2,279,0,5,FALSE
phoneme_139,ə,vowel,ARD2,280,0,4,FALSE
phoneme_139,ə,vowel,ARD2,281,0,3,FALSE
phoneme_139,ə,vowel,ARD2,282,0,2,FALSE
phoneme_139,ə,vowel,ARD2,283,0.935,4,FALSE
phoneme_139,ə,vowel,ARD2,284,0.935,3,FALSE
phoneme_139,ə,vowel,ARD2,285,0.935,2,FALSE
phoneme_139,ə,vowel,ARD2,286,0.002,2,FALSE
phoneme_139,ə,vowel,ARD2,287,0.007,4,FALSE
phoneme_139,ə,vowel,ARD2,288,0.189,2,FALSE
phoneme_139,ə,vowel,ARD2,289,0.185,2,FALSE
phoneme_139,ə,vowel,ARD2,290,0.007,7,FALSE
phoneme_139,ə,vowel,ARD2,291,0.194,6,FALSE
phoneme_139,ə,vowel,ARD2,292,0.194,3,FALSE
phoneme_139,ə,vowel,ARD2,293,0.048,2,FALSE
phoneme_139,ə,vowel,ARD2,294,0.668,3,FALSE
phoneme_139,ə,vowel,ARD2,295,0.676,2,FALSE
phoneme_139,ə,vowel,ARD2,296,0.009,45,FALSE
phoneme_139,ə,vowel,ARD2,297,0.201,44,TRUE
phoneme_139,ə,vowel,ARD2,298,0.349,22,TRUE
phoneme_139,ə,vowel,ARD2,299,0.349,13,TRUE
phoneme_139,ə,vowel,ARD2,300,0.346,12,TRUE
phoneme_139,ə,vowel,ARD2,301,0.336,3,TRUE
phoneme_139,ə,vowel,ARD2,302,0.336,2,TRUE
phoneme_139,ə,vowel,ARD2,303,0.348,9,TRUE
phoneme_139,ə,vowel,ARD2,304,0.324,7,TRUE
phoneme_139,ə,vowel,ARD2,305,0.355,5,TRUE
phoneme_139,ə,vowel,ARD2,306,0.355,4,TRUE
phoneme_139,ə,vowel,ARD2,307,0.283,2,TRUE
phoneme_139,ə,vowel,ARD2,308,0.355,2,TRUE
phoneme_139,ə,vowel,ARD2,309,0.325,2,TRUE
phoneme_139,ə,vowel,ARD2,310,0.345,2,TRUE
phoneme_139,ə,vowel,ARD2,311,0.349,9,TRUE
phoneme_139,ə,vowel,ARD2,312,0.328,6,TRUE
phoneme_139,ə,vowel,ARD2,313,0.331,5,TRUE
phoneme_139,ə,vowel,ARD2,314,0.33,4,TRUE
phoneme_139,ə,vowel,ARD2,315,0.346,3,TRUE
phoneme_139,ə,vowel,ARD2,316,0.344,2,TRUE
phoneme_139,ə,vowel,ARD2,317,0.343,3,TRUE
phoneme_139,ə,vowel,ARD2,318,0.323,2,TRUE
phoneme_139,ə,vowel,ARD2,319,0.253,22,TRUE
phoneme_139,ə,vowel,ARD2,320,0.346,21,TRUE
phoneme_139,ə,vowel,ARD2,321,0.33,6,TRUE
phoneme_139,ə,vowel,ARD2,322,0.352,5,TRUE
phoneme_139,ə,vowel,ARD2,323,0.355,4,TRUE
phoneme_139,ə,vowel,ARD2,324,0.338,2,TRUE
phoneme_139,ə,vowel,ARD2,325,0.319,2,TRUE
phoneme_139,ə,vowel,ARD2,326,0.333,15,TRUE
phoneme_139,ə,vowel,ARD2,327,0.333,14,TRUE
phoneme_139,ə,vowel,ARD2,328,0.338,4,TRUE
phoneme_139,ə,vowel,ARD2,329,0.36,3,TRUE
phoneme_139,ə,vowel,ARD2,330,0.358,2,TRUE
phoneme_139,ə,vowel,ARD2,331,0.345,10,TRUE
phoneme_139,ə,vowel,ARD2,332,0.345,6,TRUE
phoneme_139,ə,vowel,ARD2,333,0.347,5,TRUE
phoneme_139,ə,vowel,ARD2,334,0.346,2,TRUE
phoneme_139,ə,vowel,ARD2,335,0.337,3,TRUE
phoneme_139,ə,vowel,ARD2,336,0.337,2,TRUE
phoneme_139,ə,vowel,ARD2,337,0.341,4,TRUE
phoneme_139,ə,vowel,ARD2,338,0.341,3,TRUE
phoneme_139,ə,vowel,ARD2,339,0.366,2,TRUE
phoneme_139,ə,vowel,ARD2,340,0.003,5,FALSE
phoneme_139,ə,vowel,ARD2,341,0.003,4,FALSE
phoneme_139,ə,vowel,ARD2,342,0.002,3,FALSE
phoneme_139,ə,vowel,ARD2,343,0,2,FALSE
phoneme_141,ɨ,vowel,ARD2,173,0.969,172,FALSE
phoneme_141,ɨ,vowel,ARD2,174,0.906,5,FALSE
phoneme_141,ɨ,vowel,ARD2,175,0.905,3,FALSE
phoneme_141,ɨ,vowel,ARD2,176,0.135,2,FALSE
phoneme_141,ɨ,vowel,ARD2,177,0.906,2,FALSE
phoneme_141,ɨ,vowel,ARD2,178,0.969,167,FALSE
phoneme_141,ɨ,vowel,ARD2,179,0.969,166,FALSE
phoneme_141,ɨ,vowel,ARD2,180,0.969,165,FALSE
phoneme_141,ɨ,vowel,ARD2,181,0.694,160,FALSE
phoneme_141,ɨ,vowel,ARD2,182,0.578,159,FALSE
phoneme_141,ɨ,vowel,ARD2,183,0.578,114,FALSE
phoneme_141,ɨ,vowel,ARD2,184,0.578,107,FALSE
phoneme_141,ɨ,vowel,ARD2,185,0.375,11,FALSE
phoneme_141,ɨ,vowel,ARD2,186,0.054,9,FALSE
phoneme_141,ɨ,vowel,ARD2,187,0.025,8,FALSE
phoneme_141,ɨ,vowel,ARD2,188,0.006,7,FALSE
phoneme_141,ɨ,vowel,ARD2,189,0.001,2,FALSE
phoneme_141,ɨ,vowel,ARD2,190,0.006,5,FALSE
phoneme_141,ɨ,vowel,ARD2,191,0.006,4,FALSE
phoneme_141,ɨ,vowel,ARD2,192,0.001,3,FALSE
phoneme_141,ɨ,vowel,ARD2,193,0.001,2,FALSE
phoneme_141,ɨ,vowel,ARD2,194,0.412,2,FALSE
phoneme_141,ɨ,vowel,ARD2,195,0.574,96,FALSE
phoneme_141,ɨ,vowel,ARD2,196,0.014,92,FALSE
phoneme_141,ɨ,vowel,ARD2,197,0.014,91,FALSE
phoneme_141,ɨ,vowel,ARD2,198,0.014,89,FALSE
phoneme_141,ɨ,vowel,ARD2,199,0.003,85,FALSE
phoneme_141,ɨ,vowel,ARD2,200,0.004,2,FALSE
phoneme_141,ɨ,vowel,ARD2,201,0.003,83,FALSE
phoneme_141,ɨ,vowel,ARD2,202,0.003,82,FALSE
phoneme_141,ɨ,vowel,ARD2,203,0.002,70,FALSE
phoneme_141,ɨ,vowel,ARD2,204,0,69,FALSE
phoneme_141,ɨ,vowel,ARD2,205,0.063,30,FALSE
phoneme_141,ɨ,vowel,ARD2,206,0.032,21,FALSE
phoneme_141,ɨ,vowel,ARD2,207,0.004,20,FALSE
phoneme_141,ɨ,vowel,ARD2,208,0.001,18,FALSE
phoneme_141,ɨ,vowel,ARD2,209,0,12,FALSE
phoneme_141,ɨ,vowel,ARD2,210,0,8,FALSE
phoneme_141,ɨ,vowel,ARD2,211,0,7,FALSE
phoneme_141,ɨ,vowel,ARD2,212,0.001,2,FALSE
phoneme_141,ɨ,vowel,ARD2,213,0,5,FALSE
phoneme_141,ɨ,vowel,ARD2,214,0,4,FALSE
phoneme_141,ɨ,vowel,ARD2,215,0,3,FALSE
phoneme_141,ɨ,vowel,ARD2,216,0,2,FALSE
phoneme_141,ɨ,vowel,ARD2,217,0.001,4,FALSE
phoneme_141,ɨ,vowel,ARD2,218,0,3,FALSE
phoneme_141,ɨ,vowel,ARD2,219,0,2,FALSE
phoneme_141,ɨ,vowel,ARD2,220,0.001,6,FALSE
phoneme_141,ɨ,vowel,ARD2,221,0.001,5,FALSE
phoneme_141,ɨ,vowel,ARD2,222,0,4,FALSE
phoneme_141,ɨ,vowel,ARD2,223,0,3,FALSE
phoneme_141,ɨ,vowel,ARD2,224,0,2,FALSE
phoneme_141,ɨ,vowel,ARD2,225,0.004,2,FALSE
phoneme_141,ɨ,vowel,ARD2,226,0.575,9,FALSE
phoneme_141,ɨ,vowel,ARD2,227,0.597,8,FALSE
phoneme_141,ɨ,vowel,ARD2,228,0.748,7,FALSE
phoneme_141,ɨ,vowel,ARD2,229,0.748,6,FALSE
phoneme_141,ɨ,vowel,ARD2,230,0.744,2,FALSE
phoneme_141,ɨ,vowel,ARD2,231,0.795,4,FALSE
phoneme_141,ɨ,vowel,ARD2,232,0.795,2,FALSE
phoneme_141,ɨ,vowel,ARD2,233,0.8,2,FALSE
phoneme_141,ɨ,vowel,ARD2,234,0,39,FALSE
phoneme_141,ɨ,vowel,ARD2,235,0,4,FALSE
phoneme_141,ɨ,vowel,ARD2,236,0.01,2,FALSE
phoneme_141,ɨ,vowel,ARD2,237,0.007,2,FALSE
phoneme_141,ɨ,vowel,ARD2,238,0,35,FALSE
phoneme_141,ɨ,vowel,ARD2,239,0.002,18,FALSE
phoneme_141,ɨ,vowel,ARD2,240,0.002,5,FALSE
phoneme_141,ɨ,vowel,ARD2,241,0.004,3,FALSE
phoneme_141,ɨ,vowel,ARD2,242,0.01,2,FALSE
phoneme_141,ɨ,vowel,ARD2,243,0.002,2,FALSE
phoneme_141,ɨ,vowel,ARD2,244,0.002,13,FALSE
phoneme_141,ɨ,vowel,ARD2,245,0.002,9,FALSE
phoneme_141,ɨ,vowel,ARD2,246,0.003,3,FALSE
phoneme_141,ɨ,vowel,ARD2,247,0.001,2,FALSE
phoneme_141,ɨ,vowel,ARD2,248,0.002,6,FALSE
phoneme_141,ɨ,vowel,ARD2,249,0.004,2,FALSE
phoneme_141,ɨ,vowel,ARD2,250,0.002,4,FALSE
phoneme_141,ɨ,vowel,ARD2,251,0.002,3,FALSE
phoneme_141,ɨ,vowel,ARD2,252,0.002,2,FALSE
phoneme_141,ɨ,vowel,ARD2,253,0.002,4,FALSE
phoneme_141,ɨ,vowel,ARD2,254,0.003,3,FALSE
phoneme_141,ɨ,vowel,ARD2,255,0.003,2,FALSE
phoneme_141,ɨ,vowel,ARD2,256,0,17,FALSE
phoneme_141,ɨ,vowel,ARD2,257,0,7,FALSE
phoneme_141,ɨ,vowel,ARD2,258,0,2,FALSE
phoneme_141,ɨ,vowel,ARD2,259,0.003,5,FALSE
phoneme_141,ɨ,vowel,ARD2,260,0,4,FALSE
phoneme_141,ɨ,vowel,ARD2,261,0,3,FALSE
phoneme_141,ɨ,vowel,ARD2,262,0,2,FALSE
phoneme_141,ɨ,vowel,ARD2,263,0.001,10,FALSE
phoneme_141,ɨ,vowel,ARD2,264,0.002,2,FALSE
phoneme_141,ɨ,vowel,ARD2,265,0.001,8,FALSE
phoneme_141,ɨ,vowel,ARD2,266,0.008,5,FALSE
phoneme_141,ɨ,vowel,ARD2,267,0.03,4,FALSE
phoneme_141,ɨ,vowel,ARD2,268,0.985,2,FALSE
phoneme_141,ɨ,vowel,ARD2,269,0.026,2,FALSE
phoneme_141,ɨ,vowel,ARD2,270,0,3,FALSE
phoneme_141,ɨ,vowel,ARD2,271,0,2,FALSE
phoneme_141,ɨ,vowel,ARD2,272,0,12,FALSE
phoneme_141,ɨ,vowel,ARD2,273,0,7,FALSE
phoneme_141,ɨ,vowel,ARD2,274,0,3,FALSE
phoneme_141,ɨ,vowel,ARD2,275,0.001,2,FALSE
phoneme_141,ɨ,vowel,ARD2,276,0,4,FALSE
phoneme_141,ɨ,vowel,ARD2,277,0,3,FALSE
phoneme_141,ɨ,vowel,ARD2,278,0,2,FALSE
phoneme_141,ɨ,vowel,ARD2,279,0,5,FALSE
phoneme_141,ɨ,vowel,ARD2,280,0,4,FALSE
phoneme_141,ɨ,vowel,ARD2,281,0,3,FALSE
phoneme_141,ɨ,vowel,ARD2,282,0,2,FALSE
phoneme_141,ɨ,vowel,ARD2,283,0.01,4,FALSE
phoneme_141,ɨ,vowel,ARD2,284,0.01,3,FALSE
phoneme_141,ɨ,vowel,ARD2,285,0.01,2,FALSE
phoneme_141,ɨ,vowel,ARD2,286,0.014,2,FALSE
phoneme_141,ɨ,vowel,ARD2,287,0.574,4,FALSE
phoneme_141,ɨ,vowel,ARD2,288,0.546,2,FALSE
phoneme_141,ɨ,vowel,ARD2,289,0.147,2,FALSE
phoneme_141,ɨ,vowel,ARD2,290,0.57,7,FALSE
phoneme_141,ɨ,vowel,ARD2,291,0.038,6,FALSE
phoneme_141,ɨ,vowel,ARD2,292,0.038,3,FALSE
phoneme_141,ɨ,vowel,ARD2,293,0.015,2,FALSE
phoneme_141,ɨ,vowel,ARD2,294,0.033,3,FALSE
phoneme_141,ɨ,vowel,ARD2,295,0.033,2,FALSE
phoneme_141,ɨ,vowel,ARD2,296,0.576,45,FALSE
phoneme_141,ɨ,vowel,ARD2,297,0.298,44,TRUE
phoneme_141,ɨ,vowel,ARD2,298,0.396,22,TRUE
phoneme_141,ɨ,vowel,ARD2,299,0.396,13,TRUE
phoneme_141,ɨ,vowel,ARD2,300,0.394,12,TRUE
phoneme_141,ɨ,vowel,ARD2,301,0.317,3,TRUE
phoneme_141,ɨ,vowel,ARD2,302,0.317,2,TRUE
phoneme_141,ɨ,vowel,ARD2,303,0.667,9,TRUE
phoneme_141,ɨ,vowel,ARD2,304,0.715,7,TRUE
phoneme_141,ɨ,vowel,ARD2,305,0.858,5,TRUE
phoneme_141,ɨ,vowel,ARD2,306,0.858,4,TRUE
phoneme_141,ɨ,vowel,ARD2,307,0.977,2,TRUE
phoneme_141,ɨ,vowel,ARD2,308,0.858,2,TRUE
phoneme_141,ɨ,vowel,ARD2,309,0.697,2,TRUE
phoneme_141,ɨ,vowel,ARD2,310,0.667,2,TRUE
phoneme_141,ɨ,vowel,ARD2,311,0.396,9,TRUE
phoneme_141,ɨ,vowel,ARD2,312,0.361,6,TRUE
phoneme_141,ɨ,vowel,ARD2,313,0.357,5,TRUE
phoneme_141,ɨ,vowel,ARD2,314,0.357,4,TRUE
phoneme_141,ɨ,vowel,ARD2,315,0.569,3,TRUE
phoneme_141,ɨ,vowel,ARD2,316,0.572,2,TRUE
phoneme_141,ɨ,vowel,ARD2,317,0.361,3,TRUE
phoneme_141,ɨ,vowel,ARD2,318,0.388,2,TRUE
phoneme_141,ɨ,vowel,ARD2,319,0.297,22,TRUE
phoneme_141,ɨ,vowel,ARD2,320,0.378,21,TRUE
phoneme_141,ɨ,vowel,ARD2,321,0.476,6,TRUE
phoneme_141,ɨ,vowel,ARD2,322,0.981,5,TRUE
phoneme_141,ɨ,vowel,ARD2,323,0.983,4,TRUE
phoneme_141,ɨ,vowel,ARD2,324,0.993,2,TRUE
phoneme_141,ɨ,vowel,ARD2,325,0.974,2,TRUE
phoneme_141,ɨ,vowel,ARD2,326,0.244,15,TRUE
phoneme_141,ɨ,vowel,ARD2,327,0.244,14,TRUE
phoneme_141,ɨ,vowel,ARD2,328,0.182,4,TRUE
phoneme_141,ɨ,vowel,ARD2,329,0.013,3,TRUE
phoneme_141,ɨ,vowel,ARD2,330,0.014,2,TRUE
phoneme_141,ɨ,vowel,ARD2,331,0.244,10,TRUE
phoneme_141,ɨ,vowel,ARD2,332,0.244,6,TRUE
phoneme_141,ɨ,vowel,ARD2,333,0.5,5,TRUE
phoneme_141,ɨ,vowel,ARD2,334,0.502,2,TRUE
phoneme_141,ɨ,vowel,ARD2,335,0.043,3,TRUE
phoneme_141,ɨ,vowel,ARD2,336,0.043,2,TRUE
phoneme_141,ɨ,vowel,ARD2,337,0.156,4,TRUE
phoneme_141,ɨ,vowel,ARD2,338,0.156,3,TRUE
phoneme_141,ɨ,vowel,ARD2,339,0.034,2,TRUE
phoneme_141,ɨ,vowel,ARD2,340,0.969,5,FALSE
phoneme_141,ɨ,vowel,ARD2,341,0.996,4,FALSE
phoneme_141,ɨ,vowel,ARD2,342,0.997,3,FALSE
phoneme_141,ɨ,vowel,ARD2,343,1,2,FALSE
phoneme_327,β,consonant,ARD2,173,0.534,172,FALSE
phoneme_327,β,consonant,ARD2,174,0.448,5,FALSE
phoneme_327,β,consonant,ARD2,175,0.453,3,FALSE
phoneme_327,β,consonant,ARD2,176,0.886,2,FALSE
phoneme_327,β,consonant,ARD2,177,0.448,2,FALSE
phoneme_327,β,consonant,ARD2,178,0.534,167,FALSE
phoneme_327,β,consonant,ARD2,179,0.534,166,FALSE
phoneme_327,β,consonant,ARD2,180,0.534,165,FALSE
phoneme_327,β,consonant,ARD2,181,0.444,160,FALSE
phoneme_327,β,consonant,ARD2,182,0.44,159,FALSE
phoneme_327,β,consonant,ARD2,183,0.439,114,FALSE
phoneme_327,β,consonant,ARD2,184,0.439,107,FALSE
phoneme_327,β,consonant,ARD2,185,0.134,11,FALSE
phoneme_327,β,consonant,ARD2,186,0.037,9,FALSE
phoneme_327,β,consonant,ARD2,187,0.027,8,FALSE
phoneme_327,β,consonant,ARD2,188,0.013,7,FALSE
phoneme_327,β,consonant,ARD2,189,0.002,2,FALSE
phoneme_327,β,consonant,ARD2,190,0.013,5,FALSE
phoneme_327,β,consonant,ARD2,191,0.013,4,FALSE
phoneme_327,β,consonant,ARD2,192,0.001,3,FALSE
phoneme_327,β,consonant,ARD2,193,0,2,FALSE
phoneme_327,β,consonant,ARD2,194,0.109,2,FALSE
phoneme_327,β,consonant,ARD2,195,0.438,96,FALSE
phoneme_327,β,consonant,ARD2,196,0.228,92,FALSE
phoneme_327,β,consonant,ARD2,197,0.228,91,FALSE
phoneme_327,β,consonant,ARD2,198,0.228,89,FALSE
phoneme_327,β,consonant,ARD2,199,0.23,85,FALSE
phoneme_327,β,consonant,ARD2,200,0.228,2,FALSE
phoneme_327,β,consonant,ARD2,201,0.226,83,FALSE
phoneme_327,β,consonant,ARD2,202,0.224,82,FALSE
phoneme_327,β,consonant,ARD2,203,0.213,70,FALSE
phoneme_327,β,consonant,ARD2,204,0.197,69,FALSE
phoneme_327,β,consonant,ARD2,205,0.056,30,FALSE
phoneme_327,β,consonant,ARD2,206,0.04,21,FALSE
phoneme_327,β,consonant,ARD2,207,0.006,20,FALSE
phoneme_327,β,consonant,ARD2,208,0.001,18,FALSE
phoneme_327,β,consonant,ARD2,209,0.001,12,FALSE
phoneme_327,β,consonant,ARD2,210,0.001,8,FALSE
phoneme_327,β,consonant,ARD2,211,0.001,7,FALSE
phoneme_327,β,consonant,ARD2,212,0.008,2,FALSE
phoneme_327,β,consonant,ARD2,213,0.039,5,FALSE
phoneme_327,β,consonant,ARD2,214,0.039,4,FALSE
phoneme_327,β,consonant,ARD2,215,0.003,3,FALSE
phoneme_327,β,consonant,ARD2,216,0.003,2,FALSE
phoneme_327,β,consonant,ARD2,217,0.009,4,FALSE
phoneme_327,β,consonant,ARD2,218,0,3,FALSE
phoneme_327,β,consonant,ARD2,219,0,2,FALSE
phoneme_327,β,consonant,ARD2,220,0.001,6,FALSE
phoneme_327,β,consonant,ARD2,221,0.002,5,FALSE
phoneme_327,β,consonant,ARD2,222,0.005,4,FALSE
phoneme_327,β,consonant,ARD2,223,0,3,FALSE
phoneme_327,β,consonant,ARD2,224,0,2,FALSE
phoneme_327,β,consonant,ARD2,225,0.007,2,FALSE
phoneme_327,β,consonant,ARD2,226,0.022,9,FALSE
phoneme_327,β,consonant,ARD2,227,0.022,8,FALSE
phoneme_327,β,consonant,ARD2,228,0.008,7,FALSE
phoneme_327,β,consonant,ARD2,229,0.008,6,FALSE
phoneme_327,β,consonant,ARD2,230,0.007,2,FALSE
phoneme_327,β,consonant,ARD2,231,0.005,4,FALSE
phoneme_327,β,consonant,ARD2,232,0.005,2,FALSE
phoneme_327,β,consonant,ARD2,233,0.001,2,FALSE
phoneme_327,β,consonant,ARD2,234,0.197,39,FALSE
phoneme_327,β,consonant,ARD2,235,0.197,4,FALSE
phoneme_327,β,consonant,ARD2,236,0.04,2,FALSE
phoneme_327,β,consonant,ARD2,237,0.172,2,FALSE
phoneme_327,β,consonant,ARD2,238,0.197,35,FALSE
phoneme_327,β,consonant,ARD2,239,0.255,18,FALSE
phoneme_327,β,consonant,ARD2,240,0.252,5,FALSE
phoneme_327,β,consonant,ARD2,241,0.174,3,FALSE
phoneme_327,β,consonant,ARD2,242,0.099,2,FALSE
phoneme_327,β,consonant,ARD2,243,0.252,2,FALSE
phoneme_327,β,consonant,ARD2,244,0.532,13,FALSE
phoneme_327,β,consonant,ARD2,245,0.54,9,FALSE
phoneme_327,β,consonant,ARD2,246,0.476,3,FALSE
phoneme_327,β,consonant,ARD2,247,0.529,2,FALSE
phoneme_327,β,consonant,ARD2,248,0.54,6,FALSE
phoneme_327,β,consonant,ARD2,249,0.543,2,FALSE
phoneme_327,β,consonant,ARD2,250,0.54,4,FALSE
phoneme_327,β,consonant,ARD2,251,0.537,3,FALSE
phoneme_327,β,consonant,ARD2,252,0.527,2,FALSE
phoneme_327,β,consonant,ARD2,253,0.603,4,FALSE
phoneme_327,β,consonant,ARD2,254,0.519,3,FALSE
phoneme_327,β,consonant,ARD2,255,0.519,2,FALSE
phoneme_327,β,consonant,ARD2,256,0.14,17,FALSE
phoneme_327,β,consonant,ARD2,257,0.14,7,FALSE
phoneme_327,β,consonant,ARD2,258,0.139,2,FALSE
phoneme_327,β,consonant,ARD2,259,0.022,5,FALSE
phoneme_327,β,consonant,ARD2,260,0.004,4,FALSE
phoneme_327,β,consonant,ARD2,261,0.004,3,FALSE
phoneme_327,β,consonant,ARD2,262,0,2,FALSE
phoneme_327,β,consonant,ARD2,263,0.278,10,FALSE
phoneme_327,β,consonant,ARD2,264,0.754,2,FALSE
phoneme_327,β,consonant,ARD2,265,0.081,8,FALSE
phoneme_327,β,consonant,ARD2,266,0.023,5,FALSE
phoneme_327,β,consonant,ARD2,267,0.001,4,FALSE
phoneme_327,β,consonant,ARD2,268,0.002,2,FALSE
phoneme_327,β,consonant,ARD2,269,0.001,2,FALSE
phoneme_327,β,consonant,ARD2,270,0.037,3,FALSE
phoneme_327,β,consonant,ARD2,271,0.036,2,FALSE
phoneme_327,β,consonant,ARD2,272,0.304,12,FALSE
phoneme_327,β,consonant,ARD2,273,0.955,7,FALSE
phoneme_327,β,consonant,ARD2,274,0.958,3,FALSE
phoneme_327,β,consonant,ARD2,275,0.999,2,FALSE
phoneme_327,β,consonant,ARD2,276,0.955,4,FALSE
phoneme_327,β,consonant,ARD2,277,0.12,3,FALSE
phoneme_327,β,consonant,ARD2,278,0.079,2,FALSE
phoneme_327,β,consonant,ARD2,279,0.304,5,FALSE
phoneme_327,β,consonant,ARD2,280,0.046,4,FALSE
phoneme_327,β,consonant,ARD2,281,0.023,3,FALSE
phoneme_327,β,consonant,ARD2,282,0.022,2,FALSE
phoneme_327,β,consonant,ARD2,283,0.112,4,FALSE
phoneme_327,β,consonant,ARD2,284,0.112,3,FALSE
phoneme_327,β,consonant,ARD2,285,0.112,2,FALSE
phoneme_327,β,consonant,ARD2,286,0.228,2,FALSE
phoneme_327,β,consonant,ARD2,287,0.438,4,FALSE
phoneme_327,β,consonant,ARD2,288,0.638,2,FALSE
phoneme_327,β,consonant,ARD2,289,0.137,2,FALSE
phoneme_327,β,consonant,ARD2,290,0.431,7,FALSE
phoneme_327,β,consonant,ARD2,291,0.078,6,FALSE
phoneme_327,β,consonant,ARD2,292,0.078,3,FALSE
phoneme_327,β,consonant,ARD2,293,0.057,2,FALSE
phoneme_327,β,consonant,ARD2,294,0.068,3,FALSE
phoneme_327,β,consonant,ARD2,295,0.069,2,FALSE
phoneme_327,β,consonant,ARD2,296,0.438,45,FALSE
phoneme_327,β,consonant,ARD2,297,0.169,44,TRUE
phoneme_327,β,consonant,ARD2,298,0.057,22,TRUE
phoneme_327,β,consonant,ARD2,299,0.057,13,TRUE
phoneme_327,β,consonant,ARD2,300,0.058,12,TRUE
phoneme_327,β,consonant,ARD2,301,0.043,3,TRUE
phoneme_327,β,consonant,ARD2,302,0.043,2,TRUE
phoneme_327,β,consonant,ARD2,303,0.081,9,TRUE
phoneme_327,β,consonant,ARD2,304,0.118,7,TRUE
phoneme_327,β,consonant,ARD2,305,0.598,5,TRUE
phoneme_327,β,consonant,ARD2,306,0.598,4,TRUE
phoneme_327,β,consonant,ARD2,307,0.237,2,TRUE
phoneme_327,β,consonant,ARD2,308,0.598,2,TRUE
phoneme_327,β,consonant,ARD2,309,0.092,2,TRUE
phoneme_327,β,consonant,ARD2,310,0.082,2,TRUE
phoneme_327,β,consonant,ARD2,311,0.057,9,TRUE
phoneme_327,β,consonant,ARD2,312,0.063,6,TRUE
phoneme_327,β,consonant,ARD2,313,0.061,5,TRUE
phoneme_327,β,consonant,ARD2,314,0.06,4,TRUE
phoneme_327,β,consonant,ARD2,315,0.053,3,TRUE
phoneme_327,β,consonant,ARD2,316,0.053,2,TRUE
phoneme_327,β,consonant,ARD2,317,0.065,3,TRUE
phoneme_327,β,consonant,ARD2,318,0.075,2,TRUE
phoneme_327,β,consonant,ARD2,319,0.16,22,TRUE
phoneme_327,β,consonant,ARD2,320,0.076,21,TRUE
phoneme_327,β,consonant,ARD2,321,0.074,6,TRUE
phoneme_327,β,consonant,ARD2,322,0.037,5,TRUE
phoneme_327,β,consonant,ARD2,323,0.038,4,TRUE
phoneme_327,β,consonant,ARD2,324,0.033,2,TRUE
phoneme_327,β,consonant,ARD2,325,0.031,2,TRUE
phoneme_327,β,consonant,ARD2,326,0.068,15,TRUE
phoneme_327,β,consonant,ARD2,327,0.068,14,TRUE
phoneme_327,β,consonant,ARD2,328,0.053,4,TRUE
phoneme_327,β,consonant,ARD2,329,0.021,3,TRUE
phoneme_327,β,consonant,ARD2,330,0.021,2,TRUE
phoneme_327,β,consonant,ARD2,331,0.07,10,TRUE
phoneme_327,β,consonant,ARD2,332,0.07,6,TRUE
phoneme_327,β,consonant,ARD2,333,0.042,5,TRUE
phoneme_327,β,consonant,ARD2,334,0.042,2,TRUE
phoneme_327,β,consonant,ARD2,335,0.024,3,TRUE
phoneme_327,β,consonant,ARD2,336,0.024,2,TRUE
phoneme_327,β,consonant,ARD2,337,0.066,4,TRUE
phoneme_327,β,consonant,ARD2,338,0.066,3,TRUE
phoneme_327,β,consonant,ARD2,339,0.038,2,TRUE
phoneme_327,β,consonant,ARD2,340,0.534,5,FALSE
phoneme_327,β,consonant,ARD2,341,0.304,4,FALSE
phoneme_327,β,consonant,ARD2,342,0.315,3,FALSE
phoneme_327,β,consonant,ARD2,343,1,2,FALSE
phoneme_391,e,vowel,ARD2,173,0.007,172,FALSE
phoneme_391,e,vowel,ARD2,174,0.023,5,FALSE
phoneme_391,e,vowel,ARD2,175,0.024,3,FALSE
phoneme_391,e,vowel,ARD2,176,0.014,2,FALSE
phoneme_391,e,vowel,ARD2,177,0.023,2,FALSE
phoneme_391,e,vowel,ARD2,178,0.007,167,FALSE
phoneme_391,e,vowel,ARD2,179,0.007,166,FALSE
phoneme_391,e,vowel,ARD2,180,0.007,165,FALSE
phoneme_391,e,vowel,ARD2,181,0.04,160,FALSE
phoneme_391,e,vowel,ARD2,182,0.051,159,FALSE
phoneme_391,e,vowel,ARD2,183,0.051,114,FALSE
phoneme_391,e,vowel,ARD2,184,0.051,107,FALSE
phoneme_391,e,vowel,ARD2,185,0.463,11,FALSE
phoneme_391,e,vowel,ARD2,186,0.761,9,FALSE
phoneme_391,e,vowel,ARD2,187,0.783,8,FALSE
phoneme_391,e,vowel,ARD2,188,0.789,7,FALSE
phoneme_391,e,vowel,ARD2,189,0.993,2,FALSE
phoneme_391,e,vowel,ARD2,190,0.789,5,FALSE
phoneme_391,e,vowel,ARD2,191,0.789,4,FALSE
phoneme_391,e,vowel,ARD2,192,0.997,3,FALSE
phoneme_391,e,vowel,ARD2,193,1,2,FALSE
phoneme_391,e,vowel,ARD2,194,0.461,2,FALSE
phoneme_391,e,vowel,ARD2,195,0.067,96,FALSE
phoneme_391,e,vowel,ARD2,196,0.9,92,FALSE
phoneme_391,e,vowel,ARD2,197,0.9,91,FALSE
phoneme_391,e,vowel,ARD2,198,0.9,89,FALSE
phoneme_391,e,vowel,ARD2,199,0.984,85,FALSE
phoneme_391,e,vowel,ARD2,200,0.984,2,FALSE
phoneme_391,e,vowel,ARD2,201,0.991,83,FALSE
phoneme_391,e,vowel,ARD2,202,0.995,82,FALSE
phoneme_391,e,vowel,ARD2,203,0.996,70,FALSE
phoneme_391,e,vowel,ARD2,204,1,69,FALSE
phoneme_391,e,vowel,ARD2,205,0.999,30,FALSE
phoneme_391,e,vowel,ARD2,206,0.998,21,FALSE
phoneme_391,e,vowel,ARD2,207,0.99,20,FALSE
phoneme_391,e,vowel,ARD2,208,0.994,18,FALSE
phoneme_391,e,vowel,ARD2,209,1,12,FALSE
phoneme_391,e,vowel,ARD2,210,1,8,FALSE
phoneme_391,e,vowel,ARD2,211,1,7,FALSE
phoneme_391,e,vowel,ARD2,212,0.999,2,FALSE
phoneme_391,e,vowel,ARD2,213,0.981,5,FALSE
phoneme_391,e,vowel,ARD2,214,0.981,4,FALSE
phoneme_391,e,vowel,ARD2,215,0.482,3,FALSE
phoneme_391,e,vowel,ARD2,216,0.482,2,FALSE
phoneme_391,e,vowel,ARD2,217,0.999,4,FALSE
phoneme_391,e,vowel,ARD2,218,1,3,FALSE
phoneme_391,e,vowel,ARD2,219,1,2,FALSE
phoneme_391,e,vowel,ARD2,220,0.994,6,FALSE
phoneme_391,e,vowel,ARD2,221,0.99,5,FALSE
phoneme_391,e,vowel,ARD2,222,0.961,4,FALSE
phoneme_391,e,vowel,ARD2,223,0.141,3,FALSE
phoneme_391,e,vowel,ARD2,224,0.141,2,FALSE
phoneme_391,e,vowel,ARD2,225,0.987,2,FALSE
phoneme_391,e,vowel,ARD2,226,0.999,9,FALSE
phoneme_391,e,vowel,ARD2,227,0.999,8,FALSE
phoneme_391,e,vowel,ARD2,228,1,7,FALSE
phoneme_391,e,vowel,ARD2,229,1,6,FALSE
phoneme_391,e,vowel,ARD2,230,1,2,FALSE
phoneme_391,e,vowel,ARD2,231,0.89,4,FALSE
phoneme_391,e,vowel,ARD2,232,0.89,2,FALSE
phoneme_391,e,vowel,ARD2,233,0.806,2,FALSE
phoneme_391,e,vowel,ARD2,234,1,39,FALSE
phoneme_391,e,vowel,ARD2,235,1,4,FALSE
phoneme_391,e,vowel,ARD2,236,0.984,2,FALSE
phoneme_391,e,vowel,ARD2,237,0.995,2,FALSE
phoneme_391,e,vowel,ARD2,238,1,35,FALSE
phoneme_391,e,vowel,ARD2,239,1,18,FALSE
phoneme_391,e,vowel,ARD2,240,1,5,FALSE
phoneme_391,e,vowel,ARD2,241,0.997,3,FALSE
phoneme_391,e,vowel,ARD2,242,0.992,2,FALSE
phoneme_391,e,vowel,ARD2,243,1,2,FALSE
phoneme_391,e,vowel,ARD2,244,1,13,FALSE
phoneme_391,e,vowel,ARD2,245,1,9,FALSE
phoneme_391,e,vowel,ARD2,246,0.998,3,FALSE
phoneme_391,e,vowel,ARD2,247,0.999,2,FALSE
phoneme_391,e,vowel,ARD2,248,1,6,FALSE
phoneme_391,e,vowel,ARD2,249,1,2,FALSE
phoneme_391,e,vowel,ARD2,250,1,4,FALSE
phoneme_391,e,vowel,ARD2,251,1,3,FALSE
phoneme_391,e,vowel,ARD2,252,1,2,FALSE
phoneme_391,e,vowel,ARD2,253,0.987,4,FALSE
phoneme_391,e,vowel,ARD2,254,0.967,3,FALSE
phoneme_391,e,vowel,ARD2,255,0.967,2,FALSE
phoneme_391,e,vowel,ARD2,256,0.999,17,FALSE
phoneme_391,e,vowel,ARD2,257,0.999,7,FALSE
phoneme_391,e,vowel,ARD2,258,0.997,2,FALSE
phoneme_391,e,vowel,ARD2,259,0.994,5,FALSE
phoneme_391,e,vowel,ARD2,260,0.999,4,FALSE
phoneme_391,e,vowel,ARD2,261,0.999,3,FALSE
phoneme_391,e,vowel,ARD2,262,1,2,FALSE
phoneme_391,e,vowel,ARD2,263,0.995,10,FALSE
phoneme_391,e,vowel,ARD2,264,0.955,2,FALSE
phoneme_391,e,vowel,ARD2,265,0.999,8,FALSE
phoneme_391,e,vowel,ARD2,266,0.999,5,FALSE
phoneme_391,e,vowel,ARD2,267,1,4,FALSE
phoneme_391,e,vowel,ARD2,268,0.999,2,FALSE
phoneme_391,e,vowel,ARD2,269,1,2,FALSE
phoneme_391,e,vowel,ARD2,270,1,3,FALSE
phoneme_391,e,vowel,ARD2,271,1,2,FALSE
phoneme_391,e,vowel,ARD2,272,1,12,FALSE
phoneme_391,e,vowel,ARD2,273,1,7,FALSE
phoneme_391,e,vowel,ARD2,274,1,3,FALSE
phoneme_391,e,vowel,ARD2,275,1,2,FALSE
phoneme_391,e,vowel,ARD2,276,1,4,FALSE
phoneme_391,e,vowel,ARD2,277,1,3,FALSE
phoneme_391,e,vowel,ARD2,278,1,2,FALSE
phoneme_391,e,vowel,ARD2,279,1,5,FALSE
phoneme_391,e,vowel,ARD2,280,0.998,4,FALSE
phoneme_391,e,vowel,ARD2,281,0.993,3,FALSE
phoneme_391,e,vowel,ARD2,282,0.992,2,FALSE
phoneme_391,e,vowel,ARD2,283,0.973,4,FALSE
phoneme_391,e,vowel,ARD2,284,0.973,3,FALSE
phoneme_391,e,vowel,ARD2,285,0.975,2,FALSE
phoneme_391,e,vowel,ARD2,286,0.9,2,FALSE
phoneme_391,e,vowel,ARD2,287,0.067,4,FALSE
phoneme_391,e,vowel,ARD2,288,0.675,2,FALSE
phoneme_391,e,vowel,ARD2,289,0.244,2,FALSE
phoneme_391,e,vowel,ARD2,290,0.05,7,FALSE
phoneme_391,e,vowel,ARD2,291,0.041,6,FALSE
phoneme_391,e,vowel,ARD2,292,0.041,3,FALSE
phoneme_391,e,vowel,ARD2,293,0.015,2,FALSE
phoneme_391,e,vowel,ARD2,294,0.046,3,FALSE
phoneme_391,e,vowel,ARD2,295,0.045,2,FALSE
phoneme_391,e,vowel,ARD2,296,0.053,45,FALSE
phoneme_391,e,vowel,ARD2,297,0.383,44,TRUE
phoneme_391,e,vowel,ARD2,298,0.218,22,TRUE
phoneme_391,e,vowel,ARD2,299,0.218,13,TRUE
phoneme_391,e,vowel,ARD2,300,0.22,12,TRUE
phoneme_391,e,vowel,ARD2,301,0.561,3,TRUE
phoneme_391,e,vowel,ARD2,302,0.561,2,TRUE
phoneme_391,e,vowel,ARD2,303,0.093,9,TRUE
phoneme_391,e,vowel,ARD2,304,0.116,7,TRUE
phoneme_391,e,vowel,ARD2,305,0.001,5,TRUE
phoneme_391,e,vowel,ARD2,306,0.001,4,TRUE
phoneme_391,e,vowel,ARD2,307,0,2,TRUE
phoneme_391,e,vowel,ARD2,308,0.001,2,TRUE
phoneme_391,e,vowel,ARD2,309,0.17,2,TRUE
phoneme_391,e,vowel,ARD2,310,0.094,2,TRUE
phoneme_391,e,vowel,ARD2,311,0.218,9,TRUE
phoneme_391,e,vowel,ARD2,312,0.172,6,TRUE
phoneme_391,e,vowel,ARD2,313,0.162,5,TRUE
phoneme_391,e,vowel,ARD2,314,0.164,4,TRUE
phoneme_391,e,vowel,ARD2,315,0.207,3,TRUE
phoneme_391,e,vowel,ARD2,316,0.208,2,TRUE
phoneme_391,e,vowel,ARD2,317,0.194,3,TRUE
phoneme_391,e,vowel,ARD2,318,0.107,2,TRUE
phoneme_391,e,vowel,ARD2,319,0.389,22,TRUE
phoneme_391,e,vowel,ARD2,320,0.399,21,TRUE
phoneme_391,e,vowel,ARD2,321,0.301,6,TRUE
phoneme_391,e,vowel,ARD2,322,0.018,5,TRUE
phoneme_391,e,vowel,ARD2,323,0.016,4,TRUE
phoneme_391,e,vowel,ARD2,324,0.016,2,TRUE
phoneme_391,e,vowel,ARD2,325,0.018,2,TRUE
phoneme_391,e,vowel,ARD2,326,0.525,15,TRUE
phoneme_391,e,vowel,ARD2,327,0.525,14,TRUE
phoneme_391,e,vowel,ARD2,328,0.666,4,TRUE
phoneme_391,e,vowel,ARD2,329,0.887,3,TRUE
phoneme_391,e,vowel,ARD2,330,0.891,2,TRUE
phoneme_391,e,vowel,ARD2,331,0.525,10,TRUE
phoneme_391,e,vowel,ARD2,332,0.525,6,TRUE
phoneme_391,e,vowel,ARD2,333,0.817,5,TRUE
phoneme_391,e,vowel,ARD2,334,0.817,2,TRUE
phoneme_391,e,vowel,ARD2,335,0.915,3,TRUE
phoneme_391,e,vowel,ARD2,336,0.915,2,TRUE
phoneme_391,e,vowel,ARD2,337,0.208,4,TRUE
phoneme_391,e,vowel,ARD2,338,0.207,3,TRUE
phoneme_391,e,vowel,ARD2,339,0.031,2,TRUE
phoneme_391,e,vowel,ARD2,340,0.007,5,FALSE
phoneme_391,e,vowel,ARD2,341,0.007,4,FALSE
phoneme_391,e,vowel,ARD2,342,0.008,3,FALSE
phoneme_391,e,vowel,ARD2,343,0,2,FALSE
phoneme_012,ɡ̌,consonant,ER2,173,0,172,FALSE
phoneme_012,ɡ̌,consonant,ER2,174,0.001,5,FALSE
phoneme_012,ɡ̌,consonant,ER2,175,0.001,3,FALSE
phoneme_012,ɡ̌,consonant,ER2,176,0.002,2,FALSE
phoneme_012,ɡ̌,consonant,ER2,177,0.001,2,FALSE
phoneme_012,ɡ̌,consonant,ER2,178,0,167,FALSE
phoneme_012,ɡ̌,consonant,ER2,179,0,166,FALSE
phoneme_012,ɡ̌,consonant,ER2,180,0,165,FALSE
phoneme_012,ɡ̌,consonant,ER2,181,0,160,FALSE
phoneme_012,ɡ̌,consonant,ER2,182,0,159,FALSE
phoneme_012,ɡ̌,consonant,ER2,183,0,114,FALSE
phoneme_012,ɡ̌,consonant,ER2,184,0,107,FALSE
phoneme_012,ɡ̌,consonant,ER2,185,0.594,11,FALSE
phoneme_012,ɡ̌,consonant,ER2,186,0.934,9,FALSE
phoneme_012,ɡ̌,consonant,ER2,187,0.944,8,FALSE
phoneme_012,ɡ̌,consonant,ER2,188,0.94,7,FALSE
phoneme_012,ɡ̌,consonant,ER2,189,0.007,2,FALSE
phoneme_012,ɡ̌,consonant,ER2,190,0.94,5,FALSE
phoneme_012,ɡ̌,consonant,ER2,191,0.94,4,FALSE
phoneme_012,ɡ̌,consonant,ER2,192,0.832,3,FALSE
phoneme_012,ɡ̌,consonant,ER2,193,0.005,2,FALSE
phoneme_012,ɡ̌,consonant,ER2,194,0.594,2,FALSE
phoneme_012,ɡ̌,consonant,ER2,195,0,96,FALSE
phoneme_012,ɡ̌,consonant,ER2,196,0,92,FALSE
phoneme_012,ɡ̌,consonant,ER2,197,0,91,FALSE
phoneme_012,ɡ̌,consonant,ER2,198,0,89,FALSE
phoneme_012,ɡ̌,consonant,ER2,199,0,85,FALSE
phoneme_012,ɡ̌,consonant,ER2,200,0,2,FALSE
phoneme_012,ɡ̌,consonant,ER2,201,0,83,FALSE
phoneme_012,ɡ̌,consonant,ER2,202,0,82,FALSE
phoneme_012,ɡ̌,consonant,ER2,203,0,70,FALSE
phoneme_012,ɡ̌,consonant,ER2,204,0,69,FALSE
phoneme_012,ɡ̌,consonant,ER2,205,0,30,FALSE
phoneme_012,ɡ̌,consonant,ER2,206,0,21,FALSE
phoneme_012,ɡ̌,consonant,ER2,207,0,20,FALSE
phoneme_012,ɡ̌,consonant,ER2,208,0,18,FALSE
phoneme_012,ɡ̌,consonant,ER2,209,0,12,FALSE
phoneme_012,ɡ̌,consonant,ER2,210,0,8,FALSE
phoneme_012,ɡ̌,consonant,ER2,211,0,7,FALSE
phoneme_012,ɡ̌,consonant,ER2,212,0,2,FALSE
phoneme_012,ɡ̌,consonant,ER2,213,0,5,FALSE
phoneme_012,ɡ̌,consonant,ER2,214,0,4,FALSE
phoneme_012,ɡ̌,consonant,ER2,215,0,3,FALSE
phoneme_012,ɡ̌,consonant,ER2,216,0,2,FALSE
phoneme_012,ɡ̌,consonant,ER2,217,0,4,FALSE
phoneme_012,ɡ̌,consonant,ER2,218,0,3,FALSE
phoneme_012,ɡ̌,consonant,ER2,219,0,2,FALSE
phoneme_012,ɡ̌,consonant,ER2,220,0,6,FALSE
phoneme_012,ɡ̌,consonant,ER2,221,0,5,FALSE
phoneme_012,ɡ̌,consonant,ER2,222,0,4,FALSE
phoneme_012,ɡ̌,consonant,ER2,223,0,3,FALSE
phoneme_012,ɡ̌,consonant,ER2,224,0,2,FALSE
phoneme_012,ɡ̌,consonant,ER2,225,0,2,FALSE
phoneme_012,ɡ̌,consonant,ER2,226,0,9,FALSE
phoneme_012,ɡ̌,consonant,ER2,227,0,8,FALSE
phoneme_012,ɡ̌,consonant,ER2,228,0,7,FALSE
phoneme_012,ɡ̌,consonant,ER2,229,0,6,FALSE
phoneme_012,ɡ̌,consonant,ER2,230,0,2,FALSE
phoneme_012,ɡ̌,consonant,ER2,231,0,4,FALSE
phoneme_012,ɡ̌,consonant,ER2,232,0,2,FALSE
phoneme_012,ɡ̌,consonant,ER2,233,0,2,FALSE
phoneme_012,ɡ̌,consonant,ER2,234,0,39,FALSE
phoneme_012,ɡ̌,consonant,ER2,235,0,4,FALSE
phoneme_012,ɡ̌,consonant,ER2,236,0.001,2,FALSE
phoneme_012,ɡ̌,consonant,ER2,237,0.001,2,FALSE
phoneme_012,ɡ̌,consonant,ER2,238,0,35,FALSE
phoneme_012,ɡ̌,consonant,ER2,239,0,18,FALSE
phoneme_012,ɡ̌,consonant,ER2,240,0,5,FALSE
phoneme_012,ɡ̌,consonant,ER2,241,0.13,3,FALSE
phoneme_012,ɡ̌,consonant,ER2,242,0.153,2,FALSE
phoneme_012,ɡ̌,consonant,ER2,243,0,2,FALSE
phoneme_012,ɡ̌,consonant,ER2,244,0,13,FALSE
phoneme_012,ɡ̌,consonant,ER2,245,0,9,FALSE
phoneme_012,ɡ̌,consonant,ER2,246,0,3,FALSE
phoneme_012,ɡ̌,consonant,ER2,247,0,2,FALSE
phoneme_012,ɡ̌,consonant,ER2,248,0,6,FALSE
phoneme_012,ɡ̌,consonant,ER2,249,0,2,FALSE
phoneme_012,ɡ̌,consonant,ER2,250,0,4,FALSE
phoneme_012,ɡ̌,consonant,ER2,251,0,3,FALSE
phoneme_012,ɡ̌,consonant,ER2,252,0,2,FALSE
phoneme_012,ɡ̌,consonant,ER2,253,0.001,4,FALSE
phoneme_012,ɡ̌,consonant,ER2,254,0.003,3,FALSE
phoneme_012,ɡ̌,consonant,ER2,255,0.003,2,FALSE
phoneme_012,ɡ̌,consonant,ER2,256,0,17,FALSE
phoneme_012,ɡ̌,consonant,ER2,257,0,7,FALSE
phoneme_012,ɡ̌,consonant,ER2,258,0,2,FALSE
phoneme_012,ɡ̌,consonant,ER2,259,0,5,FALSE
phoneme_012,ɡ̌,consonant,ER2,260,0,4,FALSE
phoneme_012,ɡ̌,consonant,ER2,261,0,3,FALSE
phoneme_012,ɡ̌,consonant,ER2,262,0,2,FALSE
phoneme_012,ɡ̌,consonant,ER2,263,0,10,FALSE
phoneme_012,ɡ̌,consonant,ER2,264,0,2,FALSE
phoneme_012,ɡ̌,consonant,ER2,265,0.001,8,FALSE
phoneme_012,ɡ̌,consonant,ER2,266,0,5,FALSE
phoneme_012,ɡ̌,consonant,ER2,267,0,4,FALSE
phoneme_012,ɡ̌,consonant,ER2,268,0,2,FALSE
phoneme_012,ɡ̌,consonant,ER2,269,0,2,FALSE
phoneme_012,ɡ̌,consonant,ER2,270,0,3,FALSE
phoneme_012,ɡ̌,consonant,ER2,271,0,2,FALSE
phoneme_012,ɡ̌,consonant,ER2,272,0,12,FALSE
phoneme_012,ɡ̌,consonant,ER2,273,0,7,FALSE
phoneme_012,ɡ̌,consonant,ER2,274,0,3,FALSE
phoneme_012,ɡ̌,consonant,ER2,275,0,2,FALSE
phoneme_012,ɡ̌,consonant,ER2,276,0,4,FALSE
phoneme_012,ɡ̌,consonant,ER2,277,0,3,FALSE
phoneme_012,ɡ̌,consonant,ER2,278,0,2,FALSE
phoneme_012,ɡ̌,consonant,ER2,279,0,5,FALSE
phoneme_012,ɡ̌,consonant,ER2,280,0,4,FALSE
phoneme_012,ɡ̌,consonant,ER2,281,0,3,FALSE
phoneme_012,ɡ̌,consonant,ER2,282,0,2,FALSE
phoneme_012,ɡ̌,consonant,ER2,283,0.981,4,FALSE
phoneme_012,ɡ̌,consonant,ER2,284,0.981,3,FALSE
phoneme_012,ɡ̌,consonant,ER2,285,0.982,2,FALSE
phoneme_012,ɡ̌,consonant,ER2,286,0,2,FALSE
phoneme_012,ɡ̌,consonant,ER2,287,0,4,FALSE
phoneme_012,ɡ̌,consonant,ER2,288,0.001,2,FALSE
phoneme_012,ɡ̌,consonant,ER2,289,0.102,2,FALSE
phoneme_012,ɡ̌,consonant,ER2,290,0,7,FALSE
phoneme_012,ɡ̌,consonant,ER2,291,0.999,6,FALSE
phoneme_012,ɡ̌,consonant,ER2,292,0.999,3,FALSE
phoneme_012,ɡ̌,consonant,ER2,293,1,2,FALSE
phoneme_012,ɡ̌,consonant,ER2,294,0.999,3,FALSE
phoneme_012,ɡ̌,consonant,ER2,295,0.999,2,FALSE
phoneme_012,ɡ̌,consonant,ER2,296,0.001,45,FALSE
phoneme_012,ɡ̌,consonant,ER2,297,0.003,44,TRUE
phoneme_012,ɡ̌,consonant,ER2,298,0,22,TRUE
phoneme_012,ɡ̌,consonant,ER2,299,0,13,TRUE
phoneme_012,ɡ̌,consonant,ER2,300,0,12,TRUE
phoneme_012,ɡ̌,consonant,ER2,301,0.009,3,TRUE
phoneme_012,ɡ̌,consonant,ER2,302,0.009,2,TRUE
phoneme_012,ɡ̌,consonant,ER2,303,0,9,TRUE
phoneme_012,ɡ̌,consonant,ER2,304,0,7,TRUE
phoneme_012,ɡ̌,consonant,ER2,305,0,5,TRUE
phoneme_012,ɡ̌,consonant,ER2,306,0,4,TRUE
phoneme_012,ɡ̌,consonant,ER2,307,0,2,TRUE
phoneme_012,ɡ̌,consonant,ER2,308,0,2,TRUE
phoneme_012,ɡ̌,consonant,ER2,309,0.001,2,TRUE
phoneme_012,ɡ̌,consonant,ER2,310,0,2,TRUE
phoneme_012,ɡ̌,consonant,ER2,311,0,9,TRUE
phoneme_012,ɡ̌,consonant,ER2,312,0,6,TRUE
phoneme_012,ɡ̌,consonant,ER2,313,0.002,5,TRUE
phoneme_012,ɡ̌,consonant,ER2,314,0.001,4,TRUE
phoneme_012,ɡ̌,consonant,ER2,315,0,3,TRUE
phoneme_012,ɡ̌,consonant,ER2,316,0,2,TRUE
phoneme_012,ɡ̌,consonant,ER2,317,0.001,3,TRUE
phoneme_012,ɡ̌,consonant,ER2,318,0,2,TRUE
phoneme_012,ɡ̌,consonant,ER2,319,0.004,22,TRUE
phoneme_012,ɡ̌,consonant,ER2,320,0.105,21,TRUE
phoneme_012,ɡ̌,consonant,ER2,321,0.592,6,TRUE
phoneme_012,ɡ̌,consonant,ER2,322,1,5,TRUE
phoneme_012,ɡ̌,consonant,ER2,323,1,4,TRUE
phoneme_012,ɡ̌,consonant,ER2,324,1,2,TRUE
phoneme_012,ɡ̌,consonant,ER2,325,1,2,TRUE
phoneme_012,ɡ̌,consonant,ER2,326,0,15,TRUE
phoneme_012,ɡ̌,consonant,ER2,327,0,14,TRUE
phoneme_012,ɡ̌,consonant,ER2,328,0,4,TRUE
phoneme_012,ɡ̌,consonant,ER2,329,0,3,TRUE
phoneme_012,ɡ̌,consonant,ER2,330,0,2,TRUE
phoneme_012,ɡ̌,consonant,ER2,331,0,10,TRUE
phoneme_012,ɡ̌,consonant,ER2,332,0,6,TRUE
phoneme_012,ɡ̌,consonant,ER2,333,0,5,TRUE
phoneme_012,ɡ̌,consonant,ER2,334,0,2,TRUE
phoneme_012,ɡ̌,consonant,ER2,335,0,3,TRUE
phoneme_012,ɡ̌,consonant,ER2,336,0,2,TRUE
phoneme_012,ɡ̌,consonant,ER2,337,0.001,4,TRUE
phoneme_012,ɡ̌,consonant,ER2,338,0.001,3,TRUE
phoneme_012,ɡ̌,consonant,ER2,339,0.063,2,TRUE
phoneme_012,ɡ̌,consonant,ER2,340,0,5,FALSE
phoneme_012,ɡ̌,consonant,ER2,341,0,4,FALSE
phoneme_012,ɡ̌,consonant,ER2,342,0,3,FALSE
phoneme_012,ɡ̌,consonant,ER2,343,0,2,FALSE
phoneme_123,u,vowel,ER2,173,1,172,FALSE
phoneme_123,u,vowel,ER2,174,0.999,5,FALSE
phoneme_123,u,vowel,ER2,175,0.999,3,FALSE
phoneme_123,u,vowel,ER2,176,1,2,FALSE
phoneme_123,u,vowel,ER2,177,0.999,2,FALSE
phoneme_123,u,vowel,ER2,178,1,167,FALSE
phoneme_123,u,vowel,ER2,179,1,166,FALSE
phoneme_123,u,vowel,ER2,180,1,165,FALSE
phoneme_123,u,vowel,ER2,181,1,160,FALSE
phoneme_123,u,vowel,ER2,182,1,159,FALSE
phoneme_123,u,vowel,ER2,183,1,114,FALSE
phoneme_123,u,vowel,ER2,184,1,107,FALSE
phoneme_123,u,vowel,ER2,185,1,11,FALSE
phoneme_123,u,vowel,ER2,186,1,9,FALSE
phoneme_123,u,vowel,ER2,187,1,8,FALSE
phoneme_123,u,vowel,ER2,188,1,7,FALSE
phoneme_123,u,vowel,ER2,189,1,2,FALSE
phoneme_123,u,vowel,ER2,190,1,5,FALSE
phoneme_123,u,vowel,ER2,191,1,4,FALSE
phoneme_123,u,vowel,ER2,192,1,3,FALSE
phoneme_123,u,vowel,ER2,193,1,2,FALSE
phoneme_123,u,vowel,ER2,194,1,2,FALSE
phoneme_123,u,vowel,ER2,195,1,96,FALSE
phoneme_123,u,vowel,ER2,196,1,92,FALSE
phoneme_123,u,vowel,ER2,197,1,91,FALSE
phoneme_123,u,vowel,ER2,198,1,89,FALSE
phoneme_123,u,vowel,ER2,199,1,85,FALSE
phoneme_123,u,vowel,ER2,200,1,2,FALSE
phoneme_123,u,vowel,ER2,201,1,83,FALSE
phoneme_123,u,vowel,ER2,202,1,82,FALSE
phoneme_123,u,vowel,ER2,203,1,70,FALSE
phoneme_123,u,vowel,ER2,204,1,69,FALSE
phoneme_123,u,vowel,ER2,205,1,30,FALSE
phoneme_123,u,vowel,ER2,206,1,21,FALSE
phoneme_123,u,vowel,ER2,207,1,20,FALSE
phoneme_123,u,vowel,ER2,208,1,18,FALSE
phoneme_123,u,vowel,ER2,209,1,12,FALSE
phoneme_123,u,vowel,ER2,210,1,8,FALSE
phoneme_123,u,vowel,ER2,211,1,7,FALSE
phoneme_123,u,vowel,ER2,212,1,2,FALSE
phoneme_123,u,vowel,ER2,213,1,5,FALSE
phoneme_123,u,vowel,ER2,214,1,4,FALSE
phoneme_123,u,vowel,ER2,215,0.606,3,FALSE
phoneme_123,u,vowel,ER2,216,0.606,2,FALSE
phoneme_123,u,vowel,ER2,217,1,4,FALSE
phoneme_123,u,vowel,ER2,218,1,3,FALSE
phoneme_123,u,vowel,ER2,219,1,2,FALSE
phoneme_123,u,vowel,ER2,220,1,6,FALSE
phoneme_123,u,vowel,ER2,221,1,5,FALSE
phoneme_123,u,vowel,ER2,222,1,4,FALSE
phoneme_123,u,vowel,ER2,223,1,3,FALSE
phoneme_123,u,vowel,ER2,224,1,2,FALSE
phoneme_123,u,vowel,ER2,225,0.998,2,FALSE
phoneme_123,u,vowel,ER2,226,1,9,FALSE
phoneme_123,u,vowel,ER2,227,1,8,FALSE
phoneme_123,u,vowel,ER2,228,1,7,FALSE
phoneme_123,u,vowel,ER2,229,1,6,FALSE
phoneme_123,u,vowel,ER2,230,1,2,FALSE
phoneme_123,u,vowel,ER2,231,1,4,FALSE
phoneme_123,u,vowel,ER2,232,1,2,FALSE
phoneme_123,u,vowel,ER2,233,1,2,FALSE
phoneme_123,u,vowel,ER2,234,1,39,FALSE
phoneme_123,u,vowel,ER2,235,1,4,FALSE
phoneme_123,u,vowel,ER2,236,1,2,FALSE
phoneme_123,u,vowel,ER2,237,1,2,FALSE
phoneme_123,u,vowel,ER2,238,1,35,FALSE
phoneme_123,u,vowel,ER2,239,1,18,FALSE
phoneme_123,u,vowel,ER2,240,1,5,FALSE
phoneme_123,u,vowel,ER2,241,1,3,FALSE
phoneme_123,u,vowel,ER2,242,1,2,FALSE
phoneme_123,u,vowel,ER2,243,1,2,FALSE
phoneme_123,u,vowel,ER2,244,1,13,FALSE
phoneme_123,u,vowel,ER2,245,1,9,FALSE
phoneme_123,u,vowel,ER2,246,1,3,FALSE
phoneme_123,u,vowel,ER2,247,1,2,FALSE
phoneme_123,u,vowel,ER2,248,1,6,FALSE
phoneme_123,u,vowel,ER2,249,1,2,FALSE
phoneme_123,u,vowel,ER2,250,1,4,FALSE
phoneme_123,u,vowel,ER2,251,1,3,FALSE
phoneme_123,u,vowel,ER2,252,1,2,FALSE
phoneme_123,u,vowel,ER2,253,1,4,FALSE
phoneme_123,u,vowel,ER2,254,0.997,3,FALSE
phoneme_123,u,vowel,ER2,255,0.997,2,FALSE
phoneme_123,u,vowel,ER2,256,1,17,FALSE
phoneme_123,u,vowel,ER2,257,1,7,FALSE
phoneme_123,u,vowel,ER2,258,1,2,FALSE
phoneme_123,u,vowel,ER2,259,1,5,FALSE
phoneme_123,u,vowel,ER2,260,1,4,FALSE
phoneme_123,u,vowel,ER2,261,1,3,FALSE
phoneme_123,u,vowel,ER2,262,1,2,FALSE
phoneme_123,u,vowel,ER2,263,1,10,FALSE
phoneme_123,u,vowel,ER2,264,1,2,FALSE
phoneme_123,u,vowel,ER2,265,1,8,FALSE
phoneme_123,u,vowel,ER2,266,1,5,FALSE
phoneme_123,u,vowel,ER2,267,1,4,FALSE
phoneme_123,u,vowel,ER2,268,1,2,FALSE
phoneme_123,u,vowel,ER2,269,1,2,FALSE
phoneme_123,u,vowel,ER2,270,1,3,FALSE
phoneme_123,u,vowel,ER2,271,1,2,FALSE
phoneme_123,u,vowel,ER2,272,1,12,FALSE
phoneme_123,u,vowel,ER2,273,1,7,FALSE
phoneme_123,u,vowel,ER2,274,1,3,FALSE
phoneme_123,u,vowel,ER2,275,1,2,FALSE
phoneme_123,u,vowel,ER2,276,1,4,FALSE
phoneme_123,u,vowel,ER2,277,1,3,FALSE
phoneme_123,u,vowel,ER2,278,1,2,FALSE
phoneme_123,u,vowel,ER2,279,1,5,FALSE
phoneme_123,u,vowel,ER2,280,1,4,FALSE
phoneme_123,u,vowel,ER2,281,0.999,3,FALSE
phoneme_123,u,vowel,ER2,282,0.998,2,FALSE
phoneme_123,u,vowel,ER2,283,1,4,FALSE
phoneme_123,u,vowel,ER2,284,1,3,FALSE
phoneme_123,u,vowel,ER2,285,1,2,FALSE
phoneme_123,u,vowel,ER2,286,1,2,FALSE
phoneme_123,u,vowel,ER2,287,1,4,FALSE
phoneme_123,u,vowel,ER2,288,1,2,FALSE
phoneme_123,u,vowel,ER2,289,1,2,FALSE
phoneme_123,u,vowel,ER2,290,1,7,FALSE
phoneme_123,u,vowel,ER2,291,1,6,FALSE
phoneme_123,u,vowel,ER2,292,1,3,FALSE
phoneme_123,u,vowel,ER2,293,1,2,FALSE
phoneme_123,u,vowel,ER2,294,1,3,FALSE
phoneme_123,u,vowel,ER2,295,1,2,FALSE
phoneme_123,u,vowel,ER2,296,1,45,FALSE
phoneme_123,u,vowel,ER2,297,0.997,44,TRUE
phoneme_123,u,vowel,ER2,298,0.999,22,TRUE
phoneme_123,u,vowel,ER2,299,0.999,13,TRUE
phoneme_123,u,vowel,ER2,300,0.999,12,TRUE
phoneme_123,u,vowel,ER2,301,0.997,3,TRUE
phoneme_123,u,vowel,ER2,302,0.997,2,TRUE
phoneme_123,u,vowel,ER2,303,0.997,9,TRUE
phoneme_123,u,vowel,ER2,304,0.994,7,TRUE
phoneme_123,u,vowel,ER2,305,1,5,TRUE
phoneme_123,u,vowel,ER2,306,1,4,TRUE
phoneme_123,u,vowel,ER2,307,1,2,TRUE
phoneme_123,u,vowel,ER2,308,1,2,TRUE
phoneme_123,u,vowel,ER2,309,0.971,2,TRUE
phoneme_123,u,vowel,ER2,310,0.997,2,TRUE
phoneme_123,u,vowel,ER2,311,0.999,9,TRUE
phoneme_123,u,vowel,ER2,312,0.979,6,TRUE
phoneme_123,u,vowel,ER2,313,0.991,5,TRUE
phoneme_123,u,vowel,ER2,314,0.991,4,TRUE
phoneme_123,u,vowel,ER2,315,0.977,3,TRUE
phoneme_123,u,vowel,ER2,316,0.977,2,TRUE
phoneme_123,u,vowel,ER2,317,0.998,3,TRUE
phoneme_123,u,vowel,ER2,318,0.992,2,TRUE
phoneme_123,u,vowel,ER2,319,0.997,22,TRUE
phoneme_123,u,vowel,ER2,320,0.997,21,TRUE
phoneme_123,u,vowel,ER2,321,0.995,6,TRUE
phoneme_123,u,vowel,ER2,322,1,5,TRUE
phoneme_123,u,vowel,ER2,323,1,4,TRUE
phoneme_123,u,vowel,ER2,324,0.999,2,TRUE
phoneme_123,u,vowel,ER2,325,1,2,TRUE
phoneme_123,u,vowel,ER2,326,1,15,TRUE
phoneme_123,u,vowel,ER2,327,1,14,TRUE
phoneme_123,u,vowel,ER2,328,0.994,4,TRUE
phoneme_123,u,vowel,ER2,329,0.985,3,TRUE
phoneme_123,u,vowel,ER2,330,0.985,2,TRUE
phoneme_123,u,vowel,ER2,331,1,10,TRUE
phoneme_123,u,vowel,ER2,332,1,6,TRUE
phoneme_123,u,vowel,ER2,333,0.981,5,TRUE
phoneme_123,u,vowel,ER2,334,0.981,2,TRUE
phoneme_123,u,vowel,ER2,335,1,3,TRUE
phoneme_123,u,vowel,ER2,336,1,2,TRUE
phoneme_123,u,vowel,ER2,337,0.91,4,TRUE
phoneme_123,u,vowel,ER2,338,0.91,3,TRUE
phoneme_123,u,vowel,ER2,339,0.774,2,TRUE
phoneme_123,u,vowel,ER2,340,1,5,FALSE
phoneme_123,u,vowel,ER2,341,0.916,4,FALSE
phoneme_123,u,vowel,ER2,342,0.924,3,FALSE
phoneme_123,u,vowel,ER2,343,0.864,2,FALSE
phoneme_294,ɣ,consonant,ER2,173,0.002,172,FALSE
phoneme_294,ɣ,consonant,ER2,174,0.138,5,FALSE
phoneme_294,ɣ,consonant,ER2,175,0.184,3,FALSE
phoneme_294,ɣ,consonant,ER2,176,0.934,2,FALSE
phoneme_294,ɣ,consonant,ER2,177,0.138,2,FALSE
phoneme_294,ɣ,consonant,ER2,178,0.002,167,FALSE
phoneme_294,ɣ,consonant,ER2,179,0.002,166,FALSE
phoneme_294,ɣ,consonant,ER2,180,0.002,165,FALSE
phoneme_294,ɣ,consonant,ER2,181,0,160,FALSE
phoneme_294,ɣ,consonant,ER2,182,0,159,FALSE
phoneme_294,ɣ,consonant,ER2,183,0,114,FALSE
phoneme_294,ɣ,consonant,ER2,184,0,107,FALSE
phoneme_294,ɣ,consonant,ER2,185,0.001,11,FALSE
phoneme_294,ɣ,consonant,ER2,186,0.001,9,FALSE
phoneme_294,ɣ,consonant,ER2,187,0,8,FALSE
phoneme_294,ɣ,consonant,ER2,188,0,7,FALSE
phoneme_294,ɣ,consonant,ER2,189,0,2,FALSE
phoneme_294,ɣ,consonant,ER2,190,0,5,FALSE
phoneme_294,ɣ,consonant,ER2,191,0,4,FALSE
phoneme_294,ɣ,consonant,ER2,192,0,3,FALSE
phoneme_294,ɣ,consonant,ER2,193,0,2,FALSE
phoneme_294,ɣ,consonant,ER2,194,0.002,2,FALSE
phoneme_294,ɣ,consonant,ER2,195,0,96,FALSE
phoneme_294,ɣ,consonant,ER2,196,0,92,FALSE
phoneme_294,ɣ,consonant,ER2,197,0,91,FALSE
phoneme_294,ɣ,consonant,ER2,198,0,89,FALSE
phoneme_294,ɣ,consonant,ER2,199,0,85,FALSE
phoneme_294,ɣ,consonant,ER2,200,0.005,2,FALSE
phoneme_294,ɣ,consonant,ER2,201,0,83,FALSE
phoneme_294,ɣ,consonant,ER2,202,0,82,FALSE
phoneme_294,ɣ,consonant,ER2,203,0,70,FALSE
phoneme_294,ɣ,consonant,ER2,204,0,69,FALSE
phoneme_294,ɣ,consonant,ER2,205,0,30,FALSE
phoneme_294,ɣ,consonant,ER2,206,0,21,FALSE
phoneme_294,ɣ,consonant,ER2,207,0,20,FALSE
phoneme_294,ɣ,consonant,ER2,208,0,18,FALSE
phoneme_294,ɣ,consonant,ER2,209,0,12,FALSE
phoneme_294,ɣ,consonant,ER2,210,0,8,FALSE
phoneme_294,ɣ,consonant,ER2,211,0,7,FALSE
phoneme_294,ɣ,consonant,ER2,212,0.001,2,FALSE
phoneme_294,ɣ,consonant,ER2,213,0,5,FALSE
phoneme_294,ɣ,consonant,ER2,214,0,4,FALSE
phoneme_294,ɣ,consonant,ER2,215,0,3,FALSE
phoneme_294,ɣ,consonant,ER2,216,0,2,FALSE
phoneme_294,ɣ,consonant,ER2,217,0,4,FALSE
phoneme_294,ɣ,consonant,ER2,218,0,3,FALSE
phoneme_294,ɣ,consonant,ER2,219,0,2,FALSE
phoneme_294,ɣ,consonant,ER2,220,0,6,FALSE
phoneme_294,ɣ,consonant,ER2,221,0,5,FALSE
phoneme_294,ɣ,consonant,ER2,222,0,4,FALSE
phoneme_294,ɣ,consonant,ER2,223,0,3,FALSE
phoneme_294,ɣ,consonant,ER2,224,0,2,FALSE
phoneme_294,ɣ,consonant,ER2,225,0,2,FALSE
phoneme_294,ɣ,consonant,ER2,226,0,9,FALSE
phoneme_294,ɣ,consonant,ER2,227,0,8,FALSE
phoneme_294,ɣ,consonant,ER2,228,0,7,FALSE
phoneme_294,ɣ,consonant,ER2,229,0,6,FALSE
phoneme_294,ɣ,consonant,ER2,230,0,2,FALSE
phoneme_294,ɣ,consonant,ER2,231,0,4,FALSE
phoneme_294,ɣ,consonant,ER2,232,0,2,FALSE
phoneme_294,ɣ,consonant,ER2,233,0,2,FALSE
phoneme_294,ɣ,consonant,ER2,234,0,39,FALSE
phoneme_294,ɣ,consonant,ER2,235,0,4,FALSE
phoneme_294,ɣ,consonant,ER2,236,0.147,2,FALSE
phoneme_294,ɣ,consonant,ER2,237,0.002,2,FALSE
phoneme_294,ɣ,consonant,ER2,238,0,35,FALSE
phoneme_294,ɣ,consonant,ER2,239,0.001,18,FALSE
phoneme_294,ɣ,consonant,ER2,240,0.001,5,FALSE
phoneme_294,ɣ,consonant,ER2,241,0.008,3,FALSE
phoneme_294,ɣ,consonant,ER2,242,0.073,2,FALSE
phoneme_294,ɣ,consonant,ER2,243,0.001,2,FALSE
phoneme_294,ɣ,consonant,ER2,244,0,13,FALSE
phoneme_294,ɣ,consonant,ER2,245,0,9,FALSE
phoneme_294,ɣ,consonant,ER2,246,0.84,3,FALSE
phoneme_294,ɣ,consonant,ER2,247,0.991,2,FALSE
phoneme_294,ɣ,consonant,ER2,248,0,6,FALSE
phoneme_294,ɣ,consonant,ER2,249,0,2,FALSE
phoneme_294,ɣ,consonant,ER2,250,0,4,FALSE
phoneme_294,ɣ,consonant,ER2,251,0,3,FALSE
phoneme_294,ɣ,consonant,ER2,252,0,2,FALSE
phoneme_294,ɣ,consonant,ER2,253,0.047,4,FALSE
phoneme_294,ɣ,consonant,ER2,254,0.032,3,FALSE
phoneme_294,ɣ,consonant,ER2,255,0.032,2,FALSE
phoneme_294,ɣ,consonant,ER2,256,0.001,17,FALSE
phoneme_294,ɣ,consonant,ER2,257,0.001,7,FALSE
phoneme_294,ɣ,consonant,ER2,258,0.003,2,FALSE
phoneme_294,ɣ,consonant,ER2,259,0,5,FALSE
phoneme_294,ɣ,consonant,ER2,260,0,4,FALSE
phoneme_294,ɣ,consonant,ER2,261,0,3,FALSE
phoneme_294,ɣ,consonant,ER2,262,0,2,FALSE
phoneme_294,ɣ,consonant,ER2,263,0.002,10,FALSE
phoneme_294,ɣ,consonant,ER2,264,0.001,2,FALSE
phoneme_294,ɣ,consonant,ER2,265,0.015,8,FALSE
phoneme_294,ɣ,consonant,ER2,266,0.904,5,FALSE
phoneme_294,ɣ,consonant,ER2,267,0.999,4,FALSE
phoneme_294,ɣ,consonant,ER2,268,1,2,FALSE
phoneme_294,ɣ,consonant,ER2,269,0.999,2,FALSE
phoneme_294,ɣ,consonant,ER2,270,0.001,3,FALSE
phoneme_294,ɣ,consonant,ER2,271,0.001,2,FALSE
phoneme_294,ɣ,consonant,ER2,272,0,12,FALSE
phoneme_294,ɣ,consonant,ER2,273,0,7,FALSE
phoneme_294,ɣ,consonant,ER2,274,0,3,FALSE
phoneme_294,ɣ,consonant,ER2,275,0,2,FALSE
phoneme_294,ɣ,consonant,ER2,276,0,4,FALSE
phoneme_294,ɣ,consonant,ER2,277,0,3,FALSE
phoneme_294,ɣ,consonant,ER2,278,0,2,FALSE
phoneme_294,ɣ,consonant,ER2,279,0,5,FALSE
phoneme_294,ɣ,consonant,ER2,280,0.005,4,FALSE
phoneme_294,ɣ,consonant,ER2,281,0,3,FALSE
phoneme_294,ɣ,consonant,ER2,282,0,2,FALSE
phoneme_294,ɣ,consonant,ER2,283,0.005,4,FALSE
phoneme_294,ɣ,consonant,ER2,284,0.005,3,FALSE
phoneme_294,ɣ,consonant,ER2,285,0.006,2,FALSE
phoneme_294,ɣ,consonant,ER2,286,0,2,FALSE
phoneme_294,ɣ,consonant,ER2,287,0,4,FALSE
phoneme_294,ɣ,consonant,ER2,288,0.78,2,FALSE
phoneme_294,ɣ,consonant,ER2,289,0.003,2,FALSE
phoneme_294,ɣ,consonant,ER2,290,0,7,FALSE
phoneme_294,ɣ,consonant,ER2,291,0,6,FALSE
phoneme_294,ɣ,consonant,ER2,292,0,3,FALSE
phoneme_294,ɣ,consonant,ER2,293,0.004,2,FALSE
phoneme_294,ɣ,consonant,ER2,294,0,3,FALSE
phoneme_294,ɣ,consonant,ER2,295,0,2,FALSE
phoneme_294,ɣ,consonant,ER2,296,0,45,FALSE
phoneme_294,ɣ,consonant,ER2,297,0.012,44,TRUE
phoneme_294,ɣ,consonant,ER2,298,0,22,TRUE
phoneme_294,ɣ,consonant,ER2,299,0,13,TRUE
phoneme_294,ɣ,consonant,ER2,300,0,12,TRUE
phoneme_294,ɣ,consonant,ER2,301,0.001,3,TRUE
phoneme_294,ɣ,consonant,ER2,302,0.001,2,TRUE
phoneme_294,ɣ,consonant,ER2,303,0,9,TRUE
phoneme_294,ɣ,consonant,ER2,304,0,7,TRUE
phoneme_294,ɣ,consonant,ER2,305,0,5,TRUE
phoneme_294,ɣ,consonant,ER2,306,0,4,TRUE
phoneme_294,ɣ,consonant,ER2,307,0,2,TRUE
phoneme_294,ɣ,consonant,ER2,308,0,2,TRUE
phoneme_294,ɣ,consonant,ER2,309,0,2,TRUE
phoneme_294,ɣ,consonant,ER2,310,0,2,TRUE
phoneme_294,ɣ,consonant,ER2,311,0,9,TRUE
phoneme_294,ɣ,consonant,ER2,312,0.001,6,TRUE
phoneme_294,ɣ,consonant,ER2,313,0,5,TRUE
phoneme_294,ɣ,consonant,ER2,314,0,4,TRUE
phoneme_294,ɣ,consonant,ER2,315,0,3,TRUE
phoneme_294,ɣ,consonant,ER2,316,0,2,TRUE
phoneme_294,ɣ,consonant,ER2,317,0.004,3,TRUE
phoneme_294,ɣ,consonant,ER2,318,0.125,2,TRUE
phoneme_294,ɣ,consonant,ER2,319,0.014,22,TRUE
phoneme_294,ɣ,consonant,ER2,320,0.136,21,TRUE
phoneme_294,ɣ,consonant,ER2,321,0.57,6,TRUE
phoneme_294,ɣ,consonant,ER2,322,1,5,TRUE
phoneme_294,ɣ,consonant,ER2,323,1,4,TRUE
phoneme_294,ɣ,consonant,ER2,324,1,2,TRUE
phoneme_294,ɣ,consonant,ER2,325,1,2,TRUE
phoneme_294,ɣ,consonant,ER2,326,0,15,TRUE
phoneme_294,ɣ,consonant,ER2,327,0,14,TRUE
phoneme_294,ɣ,consonant,ER2,328,0,4,TRUE
phoneme_294,ɣ,consonant,ER2,329,0,3,TRUE
phoneme_294,ɣ,consonant,ER2,330,0,2,TRUE
phoneme_294,ɣ,consonant,ER2,331,0,10,TRUE
phoneme_294,ɣ,consonant,ER2,332,0,6,TRUE
phoneme_294,ɣ,consonant,ER2,333,0.005,5,TRUE
phoneme_294,ɣ,consonant,ER2,334,0.006,2,TRUE
phoneme_294,ɣ,consonant,ER2,335,0,3,TRUE
phoneme_294,ɣ,consonant,ER2,336,0,2,TRUE
phoneme_294,ɣ,consonant,ER2,337,0.003,4,TRUE
phoneme_294,ɣ,consonant,ER2,338,0.003,3,TRUE
phoneme_294,ɣ,consonant,ER2,339,0,2,TRUE
phoneme_294,ɣ,consonant,ER2,340,0.002,5,FALSE
phoneme_294,ɣ,consonant,ER2,341,0,4,FALSE
phoneme_294,ɣ,consonant,ER2,342,0,3,FALSE
phoneme_294,ɣ,consonant,ER2,343,0,2,FALSE
phoneme_458,cː,mod_consonant,ER2,173,0,172,FALSE
phoneme_458,cː,mod_consonant,ER2,174,0,5,FALSE
phoneme_458,cː,mod_consonant,ER2,175,0,3,FALSE
phoneme_458,cː,mod_consonant,ER2,176,0.001,2,FALSE
phoneme_458,cː,mod_consonant,ER2,177,0,2,FALSE
phoneme_458,cː,mod_consonant,ER2,178,0,167,FALSE
phoneme_458,cː,mod_consonant,ER2,179,0,166,FALSE
phoneme_458,cː,mod_consonant,ER2,180,0,165,FALSE
phoneme_458,cː,mod_consonant,ER2,181,0,160,FALSE
phoneme_458,cː,mod_consonant,ER2,182,0,159,FALSE
phoneme_458,cː,mod_consonant,ER2,183,0,114,FALSE
phoneme_458,cː,mod_consonant,ER2,184,0,107,FALSE
phoneme_458,cː,mod_consonant,ER2,185,0,11,FALSE
phoneme_458,cː,mod_consonant,ER2,186,0,9,FALSE
phoneme_458,cː,mod_consonant,ER2,187,0,8,FALSE
phoneme_458,cː,mod_consonant,ER2,188,0,7,FALSE
phoneme_458,cː,mod_consonant,ER2,189,0,2,FALSE
phoneme_458,cː,mod_consonant,ER2,190,0,5,FALSE
phoneme_458,cː,mod_consonant,ER2,191,0.001,4,FALSE
phoneme_458,cː,mod_consonant,ER2,192,0,3,FALSE
phoneme_458,cː,mod_consonant,ER2,193,0,2,FALSE
phoneme_458,cː,mod_consonant,ER2,194,0.002,2,FALSE
phoneme_458,cː,mod_consonant,ER2,195,0,96,FALSE
phoneme_458,cː,mod_consonant,ER2,196,0,92,FALSE
phoneme_458,cː,mod_consonant,ER2,197,0,91,FALSE
phoneme_458,cː,mod_consonant,ER2,198,0,89,FALSE
phoneme_458,cː,mod_consonant,ER2,199,0,85,FALSE
phoneme_458,cː,mod_consonant,ER2,200,0,2,FALSE
phoneme_458,cː,mod_consonant,ER2,201,0,83,FALSE
phoneme_458,cː,mod_consonant,ER2,202,0,82,FALSE
phoneme_458,cː,mod_consonant,ER2,203,0,70,FALSE
phoneme_458,cː,mod_consonant,ER2,204,0,69,FALSE
phoneme_458,cː,mod_consonant,ER2,205,0.008,30,FALSE
phoneme_458,cː,mod_consonant,ER2,206,0.001,21,FALSE
phoneme_458,cː,mod_consonant,ER2,207,0,20,FALSE
phoneme_458,cː,mod_consonant,ER2,208,0,18,FALSE
phoneme_458,cː,mod_consonant,ER2,209,0,12,FALSE
phoneme_458,cː,mod_consonant,ER2,210,0,8,FALSE
phoneme_458,cː,mod_consonant,ER2,211,0,7,FALSE
phoneme_458,cː,mod_consonant,ER2,212,0,2,FALSE
phoneme_458,cː,mod_consonant,ER2,213,0,5,FALSE
phoneme_458,cː,mod_consonant,ER2,214,0,4,FALSE
phoneme_458,cː,mod_consonant,ER2,215,0,3,FALSE
phoneme_458,cː,mod_consonant,ER2,216,0,2,FALSE
phoneme_458,cː,mod_consonant,ER2,217,0,4,FALSE
phoneme_458,cː,mod_consonant,ER2,218,0,3,FALSE
phoneme_458,cː,mod_consonant,ER2,219,0,2,FALSE
phoneme_458,cː,mod_consonant,ER2,220,0,6,FALSE
phoneme_458,cː,mod_consonant,ER2,221,0,5,FALSE
phoneme_458,cː,mod_consonant,ER2,222,0,4,FALSE
phoneme_458,cː,mod_consonant,ER2,223,0,3,FALSE
phoneme_458,cː,mod_consonant,ER2,224,0,2,FALSE
phoneme_458,cː,mod_consonant,ER2,225,0,2,FALSE
phoneme_458,cː,mod_consonant,ER2,226,0.52,9,FALSE
phoneme_458,cː,mod_consonant,ER2,227,0.521,8,FALSE
phoneme_458,cː,mod_consonant,ER2,228,0.981,7,FALSE
phoneme_458,cː,mod_consonant,ER2,229,0.981,6,FALSE
phoneme_458,cː,mod_consonant,ER2,230,0.981,2,FALSE
phoneme_458,cː,mod_consonant,ER2,231,1,4,FALSE
phoneme_458,cː,mod_consonant,ER2,232,1,2,FALSE
phoneme_458,cː,mod_consonant,ER2,233,1,2,FALSE
phoneme_458,cː,mod_consonant,ER2,234,0,39,FALSE
phoneme_458,cː,mod_consonant,ER2,235,0,4,FALSE
phoneme_458,cː,mod_consonant,ER2,236,0,2,FALSE
phoneme_458,cː,mod_consonant,ER2,237,0,2,FALSE
phoneme_458,cː,mod_consonant,ER2,238,0,35,FALSE
phoneme_458,cː,mod_consonant,ER2,239,0,18,FALSE
phoneme_458,cː,mod_consonant,ER2,240,0,5,FALSE
phoneme_458,cː,mod_consonant,ER2,241,0,3,FALSE
phoneme_458,cː,mod_consonant,ER2,242,0.001,2,FALSE
phoneme_458,cː,mod_consonant,ER2,243,0,2,FALSE
phoneme_458,cː,mod_consonant,ER2,244,0,13,FALSE
phoneme_458,cː,mod_consonant,ER2,245,0,9,FALSE
phoneme_458,cː,mod_consonant,ER2,246,0,3,FALSE
phoneme_458,cː,mod_consonant,ER2,247,0,2,FALSE
phoneme_458,cː,mod_consonant,ER2,248,0,6,FALSE
phoneme_458,cː,mod_consonant,ER2,249,0.001,2,FALSE
phoneme_458,cː,mod_consonant,ER2,250,0,4,FALSE
phoneme_458,cː,mod_consonant,ER2,251,0,3,FALSE
phoneme_458,cː,mod_consonant,ER2,252,0,2,FALSE
phoneme_458,cː,mod_consonant,ER2,253,0.001,4,FALSE
phoneme_458,cː,mod_consonant,ER2,254,0,3,FALSE
phoneme_458,cː,mod_consonant,ER2,255,0,2,FALSE
phoneme_458,cː,mod_consonant,ER2,256,0,17,FALSE
phoneme_458,cː,mod_consonant,ER2,257,0,7,FALSE
phoneme_458,cː,mod_consonant,ER2,258,0,2,FALSE
phoneme_458,cː,mod_consonant,ER2,259,0,5,FALSE
phoneme_458,cː,mod_consonant,ER2,260,0,4,FALSE
phoneme_458,cː,mod_consonant,ER2,261,0,3,FALSE
phoneme_458,cː,mod_consonant,ER2,262,0,2,FALSE
phoneme_458,cː,mod_consonant,ER2,263,0,10,FALSE
phoneme_458,cː,mod_consonant,ER2,264,0,2,FALSE
phoneme_458,cː,mod_consonant,ER2,265,0,8,FALSE
phoneme_458,cː,mod_consonant,ER2,266,0,5,FALSE
phoneme_458,cː,mod_consonant,ER2,267,0,4,FALSE
phoneme_458,cː,mod_consonant,ER2,268,0,2,FALSE
phoneme_458,cː,mod_consonant,ER2,269,0,2,FALSE
phoneme_458,cː,mod_consonant,ER2,270,0,3,FALSE
phoneme_458,cː,mod_consonant,ER2,271,0,2,FALSE
phoneme_458,cː,mod_consonant,ER2,272,0,12,FALSE
phoneme_458,cː,mod_consonant,ER2,273,0,7,FALSE
phoneme_458,cː,mod_consonant,ER2,274,0,3,FALSE
phoneme_458,cː,mod_consonant,ER2,275,0,2,FALSE
phoneme_458,cː,mod_consonant,ER2,276,0,4,FALSE
phoneme_458,cː,mod_consonant,ER2,277,0,3,FALSE
phoneme_458,cː,mod_consonant,ER2,278,0,2,FALSE
phoneme_458,cː,mod_consonant,ER2,279,0,5,FALSE
phoneme_458,cː,mod_consonant,ER2,280,0,4,FALSE
phoneme_458,cː,mod_consonant,ER2,281,0,3,FALSE
phoneme_458,cː,mod_consonant,ER2,282,0,2,FALSE
phoneme_458,cː,mod_consonant,ER2,283,0,4,FALSE
phoneme_458,cː,mod_consonant,ER2,284,0,3,FALSE
phoneme_458,cː,mod_consonant,ER2,285,0.001,2,FALSE
phoneme_458,cː,mod_consonant,ER2,286,0,2,FALSE
phoneme_458,cː,mod_consonant,ER2,287,0,4,FALSE
phoneme_458,cː,mod_consonant,ER2,288,0.001,2,FALSE
phoneme_458,cː,mod_consonant,ER2,289,0.081,2,FALSE
phoneme_458,cː,mod_consonant,ER2,290,0,7,FALSE
phoneme_458,cː,mod_consonant,ER2,291,0,6,FALSE
phoneme_458,cː,mod_consonant,ER2,292,0,3,FALSE
phoneme_458,cː,mod_consonant,ER2,293,0,2,FALSE
phoneme_458,cː,mod_consonant,ER2,294,0,3,FALSE
phoneme_458,cː,mod_consonant,ER2,295,0,2,FALSE
phoneme_458,cː,mod_consonant,ER2,296,0,45,FALSE
phoneme_458,cː,mod_consonant,ER2,297,0.003,44,TRUE
phoneme_458,cː,mod_consonant,ER2,298,0,22,TRUE
phoneme_458,cː,mod_consonant,ER2,299,0,13,TRUE
phoneme_458,cː,mod_consonant,ER2,300,0,12,TRUE
phoneme_458,cː,mod_consonant,ER2,301,0,3,TRUE
phoneme_458,cː,mod_consonant,ER2,302,0,2,TRUE
phoneme_458,cː,mod_consonant,ER2,303,0,9,TRUE
phoneme_458,cː,mod_consonant,ER2,304,0,7,TRUE
phoneme_458,cː,mod_consonant,ER2,305,0,5,TRUE
phoneme_458,cː,mod_consonant,ER2,306,0,4,TRUE
phoneme_458,cː,mod_consonant,ER2,307,0,2,TRUE
phoneme_458,cː,mod_consonant,ER2,308,0,2,TRUE
phoneme_458,cː,mod_consonant,ER2,309,0,2,TRUE
phoneme_458,cː,mod_consonant,ER2,310,0,2,TRUE
phoneme_458,cː,mod_consonant,ER2,311,0,9,TRUE
phoneme_458,cː,mod_consonant,ER2,312,0,6,TRUE
phoneme_458,cː,mod_consonant,ER2,313,0,5,TRUE
phoneme_458,cː,mod_consonant,ER2,314,0,4,TRUE
phoneme_458,cː,mod_consonant,ER2,315,0.003,3,TRUE
phoneme_458,cː,mod_consonant,ER2,316,0.004,2,TRUE
phoneme_458,cː,mod_consonant,ER2,317,0,3,TRUE
phoneme_458,cː,mod_consonant,ER2,318,0.002,2,TRUE
phoneme_458,cː,mod_consonant,ER2,319,0.003,22,TRUE
phoneme_458,cː,mod_consonant,ER2,320,0.099,21,TRUE
phoneme_458,cː,mod_consonant,ER2,321,0.63,6,TRUE
phoneme_458,cː,mod_consonant,ER2,322,1,5,TRUE
phoneme_458,cː,mod_consonant,ER2,323,1,4,TRUE
phoneme_458,cː,mod_consonant,ER2,324,1,2,TRUE
phoneme_458,cː,mod_consonant,ER2,325,1,2,TRUE
phoneme_458,cː,mod_consonant,ER2,326,0,15,TRUE
phoneme_458,cː,mod_consonant,ER2,327,0,14,TRUE
phoneme_458,cː,mod_consonant,ER2,328,0.001,4,TRUE
phoneme_458,cː,mod_consonant,ER2,329,0.002,3,TRUE
phoneme_458,cː,mod_consonant,ER2,330,0.002,2,TRUE
phoneme_458,cː,mod_consonant,ER2,331,0,10,TRUE
phoneme_458,cː,mod_consonant,ER2,332,0,6,TRUE
phoneme_458,cː,mod_consonant,ER2,333,0.001,5,TRUE
phoneme_458,cː,mod_consonant,ER2,334,0.002,2,TRUE
phoneme_458,cː,mod_consonant,ER2,335,0,3,TRUE
phoneme_458,cː,mod_consonant,ER2,336,0,2,TRUE
phoneme_458,cː,mod_consonant,ER2,337,0,4,TRUE
phoneme_458,cː,mod_consonant,ER2,338,0,3,TRUE
phoneme_458,cː,mod_consonant,ER2,339,0,2,TRUE
phoneme_458,cː,mod_consonant,ER2,340,0,5,FALSE
phoneme_458,cː,mod_consonant,ER2,341,0,4,FALSE
phoneme_458,cː,mod_consonant,ER2,342,0.001,3,FALSE
phoneme_458,cː,mod_consonant,ER2,343,0.08,2,FALSE
phoneme_482,vː,mod_vowel,ER2,173,0.004,172,FALSE
phoneme_482,vː,mod_vowel,ER2,174,0.205,5,FALSE
phoneme_482,vː,mod_vowel,ER2,175,0.207,3,FALSE
phoneme_482,vː,mod_vowel,ER2,176,0.905,2,FALSE
phoneme_482,vː,mod_vowel,ER2,177,0.205,2,FALSE
phoneme_482,vː,mod_vowel,ER2,178,0.004,167,FALSE
phoneme_482,vː,mod_vowel,ER2,179,0.004,166,FALSE
phoneme_482,vː,mod_vowel,ER2,180,0.004,165,FALSE
phoneme_482,vː,mod_vowel,ER2,181,0,160,FALSE
phoneme_482,vː,mod_vowel,ER2,182,0,159,FALSE
phoneme_482,vː,mod_vowel,ER2,183,0,114,FALSE
phoneme_482,vː,mod_vowel,ER2,184,0,107,FALSE
phoneme_482,vː,mod_vowel,ER2,185,0.011,11,FALSE
phoneme_482,vː,mod_vowel,ER2,186,0.001,9,FALSE
phoneme_482,vː,mod_vowel,ER2,187,0.001,8,FALSE
phoneme_482,vː,mod_vowel,ER2,188,0,7,FALSE
phoneme_482,vː,mod_vowel,ER2,189,0,2,FALSE
phoneme_482,vː,mod_vowel,ER2,190,0,5,FALSE
phoneme_482,vː,mod_vowel,ER2,191,0,4,FALSE
phoneme_482,vː,mod_vowel,ER2,192,0.001,3,FALSE
phoneme_482,vː,mod_vowel,ER2,193,0,2,FALSE
phoneme_482,vː,mod_vowel,ER2,194,0.067,2,FALSE
phoneme_482,vː,mod_vowel,ER2,195,0,96,FALSE
phoneme_482,vː,mod_vowel,ER2,196,0.006,92,FALSE
phoneme_482,vː,mod_vowel,ER2,197,0.006,91,FALSE
phoneme_482,vː,mod_vowel,ER2,198,0.006,89,FALSE
phoneme_482,vː,mod_vowel,ER2,199,0.009,85,FALSE
phoneme_482,vː,mod_vowel,ER2,200,0.011,2,FALSE
phoneme_482,vː,mod_vowel,ER2,201,0.009,83,FALSE
phoneme_482,vː,mod_vowel,ER2,202,0.012,82,FALSE
phoneme_482,vː,mod_vowel,ER2,203,0.032,70,FALSE
phoneme_482,vː,mod_vowel,ER2,204,0.133,69,FALSE
phoneme_482,vː,mod_vowel,ER2,205,0.956,30,FALSE
phoneme_482,vː,mod_vowel,ER2,206,0.983,21,FALSE
phoneme_482,vː,mod_vowel,ER2,207,1,20,FALSE
phoneme_482,vː,mod_vowel,ER2,208,1,18,FALSE
phoneme_482,vː,mod_vowel,ER2,209,1,12,FALSE
phoneme_482,vː,mod_vowel,ER2,210,1,8,FALSE
phoneme_482,vː,mod_vowel,ER2,211,1,7,FALSE
phoneme_482,vː,mod_vowel,ER2,212,0.999,2,FALSE
phoneme_482,vː,mod_vowel,ER2,213,1,5,FALSE
phoneme_482,vː,mod_vowel,ER2,214,1,4,FALSE
phoneme_482,vː,mod_vowel,ER2,215,1,3,FALSE
phoneme_482,vː,mod_vowel,ER2,216,1,2,FALSE
phoneme_482,vː,mod_vowel,ER2,217,1,4,FALSE
phoneme_482,vː,mod_vowel,ER2,218,1,3,FALSE
phoneme_482,vː,mod_vowel,ER2,219,1,2,FALSE
phoneme_482,vː,mod_vowel,ER2,220,1,6,FALSE
phoneme_482,vː,mod_vowel,ER2,221,1,5,FALSE
phoneme_482,vː,mod_vowel,ER2,222,0.999,4,FALSE
phoneme_482,vː,mod_vowel,ER2,223,1,3,FALSE
phoneme_482,vː,mod_vowel,ER2,224,1,2,FALSE
phoneme_482,vː,mod_vowel,ER2,225,1,2,FALSE
phoneme_482,vː,mod_vowel,ER2,226,0.998,9,FALSE
phoneme_482,vː,mod_vowel,ER2,227,0.999,8,FALSE
phoneme_482,vː,mod_vowel,ER2,228,1,7,FALSE
phoneme_482,vː,mod_vowel,ER2,229,1,6,FALSE
phoneme_482,vː,mod_vowel,ER2,230,1,2,FALSE
phoneme_482,vː,mod_vowel,ER2,231,1,4,FALSE
phoneme_482,vː,mod_vowel,ER2,232,1,2,FALSE
phoneme_482,vː,mod_vowel,ER2,233,1,2,FALSE
phoneme_482,vː,mod_vowel,ER2,234,0.133,39,FALSE
phoneme_482,vː,mod_vowel,ER2,235,0.133,4,FALSE
phoneme_482,vː,mod_vowel,ER2,236,0.022,2,FALSE
phoneme_482,vː,mod_vowel,ER2,237,0.295,2,FALSE
phoneme_482,vː,mod_vowel,ER2,238,0.133,35,FALSE
phoneme_482,vː,mod_vowel,ER2,239,0.157,18,FALSE
phoneme_482,vː,mod_vowel,ER2,240,0.172,5,FALSE
phoneme_482,vː,mod_vowel,ER2,241,0.621,3,FALSE
phoneme_482,vː,mod_vowel,ER2,242,0.888,2,FALSE
phoneme_482,vː,mod_vowel,ER2,243,0.172,2,FALSE
phoneme_482,vː,mod_vowel,ER2,244,0.056,13,FALSE
phoneme_482,vː,mod_vowel,ER2,245,0.014,9,FALSE
phoneme_482,vː,mod_vowel,ER2,246,0.006,3,FALSE
phoneme_482,vː,mod_vowel,ER2,247,0.003,2,FALSE
phoneme_482,vː,mod_vowel,ER2,248,0.014,6,FALSE
phoneme_482,vː,mod_vowel,ER2,249,0.013,2,FALSE
phoneme_482,vː,mod_vowel,ER2,250,0.014,4,FALSE
phoneme_482,vː,mod_vowel,ER2,251,0.014,3,FALSE
phoneme_482,vː,mod_vowel,ER2,252,0.022,2,FALSE
phoneme_482,vː,mod_vowel,ER2,253,0.121,4,FALSE
phoneme_482,vː,mod_vowel,ER2,254,0.096,3,FALSE
phoneme_482,vː,mod_vowel,ER2,255,0.096,2,FALSE
phoneme_482,vː,mod_vowel,ER2,256,0.136,17,FALSE
phoneme_482,vː,mod_vowel,ER2,257,0.136,7,FALSE
phoneme_482,vː,mod_vowel,ER2,258,0.135,2,FALSE
phoneme_482,vː,mod_vowel,ER2,259,0.398,5,FALSE
phoneme_482,vː,mod_vowel,ER2,260,0.991,4,FALSE
phoneme_482,vː,mod_vowel,ER2,261,0.991,3,FALSE
phoneme_482,vː,mod_vowel,ER2,262,1,2,FALSE
phoneme_482,vː,mod_vowel,ER2,263,0.001,10,FALSE
phoneme_482,vː,mod_vowel,ER2,264,0,2,FALSE
phoneme_482,vː,mod_vowel,ER2,265,0,8,FALSE
phoneme_482,vː,mod_vowel,ER2,266,0,5,FALSE
phoneme_482,vː,mod_vowel,ER2,267,0.005,4,FALSE
phoneme_482,vː,mod_vowel,ER2,268,0.961,2,FALSE
phoneme_482,vː,mod_vowel,ER2,269,0.004,2,FALSE
phoneme_482,vː,mod_vowel,ER2,270,0,3,FALSE
phoneme_482,vː,mod_vowel,ER2,271,0,2,FALSE
phoneme_482,vː,mod_vowel,ER2,272,0.003,12,FALSE
phoneme_482,vː,mod_vowel,ER2,273,0,7,FALSE
phoneme_482,vː,mod_vowel,ER2,274,0,3,FALSE
phoneme_482,vː,mod_vowel,ER2,275,0,2,FALSE
phoneme_482,vː,mod_vowel,ER2,276,0,4,FALSE
phoneme_482,vː,mod_vowel,ER2,277,0,3,FALSE
phoneme_482,vː,mod_vowel,ER2,278,0,2,FALSE
phoneme_482,vː,mod_vowel,ER2,279,0.003,5,FALSE
phoneme_482,vː,mod_vowel,ER2,280,0.014,4,FALSE
phoneme_482,vː,mod_vowel,ER2,281,0.003,3,FALSE
phoneme_482,vː,mod_vowel,ER2,282,0.003,2,FALSE
phoneme_482,vː,mod_vowel,ER2,283,0.085,4,FALSE
phoneme_482,vː,mod_vowel,ER2,284,0.085,3,FALSE
phoneme_482,vː,mod_vowel,ER2,285,0.09,2,FALSE
phoneme_482,vː,mod_vowel,ER2,286,0.006,2,FALSE
phoneme_482,vː,mod_vowel,ER2,287,0,4,FALSE
phoneme_482,vː,mod_vowel,ER2,288,0.017,2,FALSE
phoneme_482,vː,mod_vowel,ER2,289,0.014,2,FALSE
phoneme_482,vː,mod_vowel,ER2,290,0,7,FALSE
phoneme_482,vː,mod_vowel,ER2,291,0.017,6,FALSE
phoneme_482,vː,mod_vowel,ER2,292,0.017,3,FALSE
phoneme_482,vː,mod_vowel,ER2,293,0.769,2,FALSE
phoneme_482,vː,mod_vowel,ER2,294,0.011,3,FALSE
phoneme_482,vː,mod_vowel,ER2,295,0.01,2,FALSE
phoneme_482,vː,mod_vowel,ER2,296,0.002,45,FALSE
phoneme_482,vː,mod_vowel,ER2,297,0.177,44,TRUE
phoneme_482,vː,mod_vowel,ER2,298,0.178,22,TRUE
phoneme_482,vː,mod_vowel,ER2,299,0.178,13,TRUE
phoneme_482,vː,mod_vowel,ER2,300,0.175,12,TRUE
phoneme_482,vː,mod_vowel,ER2,301,0.036,3,TRUE
phoneme_482,vː,mod_vowel,ER2,302,0.036,2,TRUE
phoneme_482,vː,mod_vowel,ER2,303,0.066,9,TRUE
phoneme_482,vː,mod_vowel,ER2,304,0.018,7,TRUE
phoneme_482,vː,mod_vowel,ER2,305,0,5,TRUE
phoneme_482,vː,mod_vowel,ER2,306,0,4,TRUE
phoneme_482,vː,mod_vowel,ER2,307,0,2,TRUE
phoneme_482,vː,mod_vowel,ER2,308,0,2,TRUE
phoneme_482,vː,mod_vowel,ER2,309,0.016,2,TRUE
phoneme_482,vː,mod_vowel,ER2,310,0.067,2,TRUE
phoneme_482,vː,mod_vowel,ER2,311,0.178,9,TRUE
phoneme_482,vː,mod_vowel,ER2,312,0.505,6,TRUE
phoneme_482,vː,mod_vowel,ER2,313,0.546,5,TRUE
phoneme_482,vː,mod_vowel,ER2,314,0.544,4,TRUE
phoneme_482,vː,mod_vowel,ER2,315,0.386,3,TRUE
phoneme_482,vː,mod_vowel,ER2,316,0.389,2,TRUE
phoneme_482,vː,mod_vowel,ER2,317,0.209,3,TRUE
phoneme_482,vː,mod_vowel,ER2,318,0.098,2,TRUE
phoneme_482,vː,mod_vowel,ER2,319,0.185,22,TRUE
phoneme_482,vː,mod_vowel,ER2,320,0.39,21,TRUE
phoneme_482,vː,mod_vowel,ER2,321,0.545,6,TRUE
phoneme_482,vː,mod_vowel,ER2,322,0.991,5,TRUE
phoneme_482,vː,mod_vowel,ER2,323,0.994,4,TRUE
phoneme_482,vː,mod_vowel,ER2,324,0.996,2,TRUE
phoneme_482,vː,mod_vowel,ER2,325,0.998,2,TRUE
phoneme_482,vː,mod_vowel,ER2,326,0.242,15,TRUE
phoneme_482,vː,mod_vowel,ER2,327,0.242,14,TRUE
phoneme_482,vː,mod_vowel,ER2,328,0.34,4,TRUE
phoneme_482,vː,mod_vowel,ER2,329,0.795,3,TRUE
phoneme_482,vː,mod_vowel,ER2,330,0.792,2,TRUE
phoneme_482,vː,mod_vowel,ER2,331,0.235,10,TRUE
phoneme_482,vː,mod_vowel,ER2,332,0.235,6,TRUE
phoneme_482,vː,mod_vowel,ER2,333,0.171,5,TRUE
phoneme_482,vː,mod_vowel,ER2,334,0.171,2,TRUE
phoneme_482,vː,mod_vowel,ER2,335,0.114,3,TRUE
phoneme_482,vː,mod_vowel,ER2,336,0.114,2,TRUE
phoneme_482,vː,mod_vowel,ER2,337,0.077,4,TRUE
phoneme_482,vː,mod_vowel,ER2,338,0.077,3,TRUE
phoneme_482,vː,mod_vowel,ER2,339,0.008,2,TRUE
phoneme_482,vː,mod_vowel,ER2,340,0.004,5,FALSE
phoneme_482,vː,mod_vowel,ER2,341,0.085,4,FALSE
phoneme_482,vː,mod_vowel,ER2,342,0.098,3,FALSE
phoneme_482,vː,mod_vowel,ER2,343,1,2,FALSE
